,VEHICLE_IDENTIFICATION_NUMBER
0,B9GJCVCMJ54DKZVA7
1,XUDZJ41U4HFT9T8LL
2,K349YSNANZG4NCU6X
3,HFEA9GF1Y5M0V1KV5
4,2CUW5T8FWD17588R6
5,DD99R6HR9S4RTE8H3
6,Y7FANWF8G5449T1L6
7,2KVGA9WX07C76P3VF
8,ULR73YAKVD9EEAA3Z
9,JEWY1V40R4ZF9CF5G
10,6TPH62NDBXUEZ56A0
11,J5149GS8UUVLWRPJN
12,8V5AW258T0ETDK63W
13,N2UNUHHWDH4LBPKM0
14,YD8ZDLLEU77SUL221
15,Y3DBHF650TCH6E5UD
16,8CZWNCFXHZ5UAY8G8
17,U8773JG0JD95VJ8MC
18,WXFDVRP4K6EMGA0N2
19,V4KKL8W14GST6TBA5
20,W60BLX1WVMV9G7ZJB
21,3HD2B0ALKCRHVPYC4
22,VDNC9EJRPHD19C226
23,LDHSZTZ7US5Z705Y2
24,143A428LC2GUD720B
25,HKDNN40F6T176NV7Y
26,TL6UYH7JC1P3XJ6BU
27,4YN04JKTCP5TJKKJD
28,6GJLER8HU7MSH8VX1
29,1RUUDCLURTBSVNC7N
30,X5NEF0NZNNAJF8MGE
31,3A5W6JZ6MGCHY816T
32,C04WMBZUV81B801WD
33,KXNGZJ564308C3ZZK
34,E12K3ZKJSB397VJE0
35,JRG5DP9JDBVJVLVAX
36,BREABZY2XJU83KC5J
37,D6E4ELLRKNZ46SYPC
38,3L8MVNMDJG5E8WD38
39,DYUVA8B7LAZCFA4B3
40,AJGRGWKZU3R2K44PB
41,0K4NWUMW1V4CHAH75
42,5KJ8UEVL2TP7JNNWR
43,JY3E24TYT9JKZX67V
44,UYCN30X4VXJR0YE24
45,EKEEMHTSHZWM518UB
46,5ZFEP1GKWYPE29GN1
47,E8HG287TMHFSWP3D3
48,PM4GG2XE4V17RY88R
49,SYE4FSAYP7E6S6D5B
50,5HM1BJVJAA10BXH1E
51,BGYWR7TKEDY459PLE
52,UUW25ZNV9X5N3ZK9L
53,8P5NNNAP4F38LG89S
54,7PKXL7806KW3GRLUD
55,S6PJNZE9X6VFDP4DG
56,25ABHRDLVRD76WGCA
57,G2GSWVTFMWJRSFCV9
58,V17RLL81X2U58HFU1
59,RYYTHRM61ZW7KTN5A
60,2GNU4GVRWNW6YEYJD
61,BB2BMP2BWRVD77DP3
62,WP9610K5J2VL00FCR
63,WS9E0KHJ3PERBNP75
64,49XXSEPD0NKJVJW5S
65,XD1XTMN8CAL76M3K7
66,2R98AEGGUMZU1259K
67,EN10AXK8YSTDFH128
68,0XFXEAZN46J3JNZWA
69,0EZNPBZDXMPUJRXC0
70,SE7YZDYZZD189X60V
71,TVSE9UJHC3M6KUE2M
72,0PT3V0TTXJFY686ZS
73,C245ZJHEK6G2N46FB
74,ZFL0FNS9TEB6V511U
75,U1N185FYY7R41XSDM
76,FCEDNXKSVXKRPZSX2
77,NTWVRU7DW6WVMHYLU
78,PSURCUPWSN0UBYY8S
79,48EL6ABD79A5FXAL7
80,CPLCZBWZPZHTT775B
81,9NAWRJDMV9LDDJ4J6
82,8UR465NM8RHC64G34
83,0LUBT10BRH3F118YX
84,22RPM9F2ZCTPDDT9A
85,KTAXPT8S58P1PGKTW
86,4M3TXE7M7LE2FKRTR
87,CWDZL14X1WRER01FS
88,Y68G3NZ5M359ZPXS1
89,M9RD6GZ8BY5E9033X
90,62VB0TG6TKE8H40C1
91,Z1MAXMSP9ZZ9M3UYS
92,CYUNLMX6R2Y40XFUR
93,H97LBYMXW42EG1M6D
94,VZ186NBNB8CL1M0V9
95,WV14H9W271JDBL7VR
96,BRK93BG95YN2CGG88
97,DCVXRHTAKE7D0MY13
98,J5PRM9NNFAKXEX4LT
99,7N2AXX93Z3GK4TW5K
100,0H3D71G3SFTH33SF2
101,V8UWL2WBERXWACEL9
102,PJ1UN24MDA7MF6L9U
103,G302H77Z9UHC6L7HA
104,RU8VCJXVF7YK180NG
105,4KYE1AEXTP6DH40C8
106,G33217GBPZFNV8DU8
107,1G9T1HX1L8DTE8KGM
108,NS4XC01Z6J53GFGA5
109,ESG027PWBUCNZJBCC
110,HUMN8JH4GZR8WFVFN
111,U7HTCYRWDJXMD5PDR
112,PY1SB1AAJP25A70Z2
113,ZGKV6BL0EPHRNDD85
114,HFV0Z8PM2M9X2NK7F
115,JNAHJ1CGEL802A94S
116,3X2733E4849JWYS9Y
117,EKXJB5CEKAN29Y91Z
118,CZ4RE3UY4791FSELR
119,LKD7ZSE9DDZEFY00G
120,KRAESWX0EGBYPTT26
121,V21SPMBJK3J3N5EU5
122,CE1B4CCUXCH5LTYWR
123,RU42RWUZFS7T7H6BK
124,B7SDCUDAAGBP51S2Z
125,SSFBK2J9XTB36B1BD
126,4GPPT76M0TTRL671E
127,JA3C7K9UX8L5AXR13
128,ZWBAJ6NNV6HPPTKHZ
129,BY53N6JC7JY4K0TGF
130,M3XEVLEDTR1L9WDBP
131,T9N93NEMZ6N53FBS1
132,W39X7GNZCTRFV1UU6
133,K4W8A030U48ECGV27
134,3DZWA5C4YYH84R3BW
135,90W5VREPY25KTMDTA
136,Z311FYHAC5UU7458D
137,T2JF0DCSNNWD13D9M
138,M78RMP6YLWBJZ183M
139,KYC9GYSH5C2VAL5DJ
140,LEPV3T232YP9HKM5U
141,P20DUMTUYWVL0MTZN
142,10PFJ5AJ1EL2BAY4D
143,M6RG7SURB65T22BZ0
144,22NZCAS0DJ3N9J35F
145,15ZSRSR4FVXKBJ5V1
146,AGVSDCR3SDN9DBM2K
147,55FAV5WR01HEL5UM0
148,H7RKTJK5V00NGZ0HJ
149,VWMD8TT0KYAK8DM5E
150,DXKPHS39ZWE3XK66M
151,HBTJ6027MJ8HG89DR
152,WBKJ5JCHLTMNTVF7H
153,SU5M4Y666T6UFAKSL
154,FYY5EDT4X98GW6ZEE
155,0MUSVGU9VUFGFPHGR
156,H9EBVN1AECS6VS770
157,61C6D89HWZJMTPW7T
158,MME1ZC9E9LKT5YDBK
159,UNZ4T1SBECCEKTKPS
160,UKZLWFU9NZWGHWX36
161,ER76KHNE7G0465RZW
162,WVN0ADZ44VD1HRWHZ
163,JHLACL2N085CYCWBG
164,7FKGB37ZP8GTMZ02P
165,7CAY8038PVFPHSY5M
166,9THPWRCC4AU4SXKPY
167,3RSUT60BRBSMWSGP8
168,31XP6WNV55WTUGPUG
169,K7H3GG8MMGXHXHGBY
170,CYS2FEN66DPL49UGM
171,A2K3ZP33N43WUCBEK
172,B2ZC69X4TGBSFCDPW
173,EE185P9KRD2VW24SL
174,DBDNZB6F744HLVHUF
175,VLFU6LFJP8WE9N338
176,9H1MWFCM3XJN570CJ
177,353HSRLK8D22DRU1D
178,DA82THNW7C69SL6ZT
179,2NLXCWAYCXP9R3J4A
180,E8S4KSV98ZPTSJK4F
181,8W5U1C5XKC0W7MR91
182,SGRGCKAVX73DRYSBZ
183,RN1PW0J8N339BP0J5
184,E636CH8RT1J3RDKCN
185,A379238YDKKZU64BU
186,MA9UMJM014CS606WZ
187,2SML2P9WNDZU03GS9
188,3M61B1Z5VUPNRCFA1
189,41VGL65KXU09PYVVB
190,WNDW9Z73GHA8HC820
191,J5M45H6VDFU8RLXK5
192,1KBT4RZWNU0K1BWJX
193,LGSHG3WTT4JL879CL
194,YSU7BS65D1XWKKPZ5
195,CSE8XWB9R4S8CN3F2
196,DJYZVB8MGZNW6AMFD
197,N6LVX49NHG3SX7MP2
198,ZMR0YD18ZCUWTYRF4
199,TD8Z9GFNY2GRHST2T
200,9G0KYCVMFKYWUUVEJ
201,2XZD3GPJYBYFJ1VJ8
202,9A6YB2AKDCMCPWX9C
203,J9RZ6J5YFX7JTC3SL
204,S0U92FANAWLSP49AR
205,M06V2RLM1ZTA4XZZT
206,74W1BK63RWGMN1XDR
207,J89V9E4MWZPCXPNRE
208,WFAZ069RE12DYGSGA
209,VH65FMWR4DGV32613
210,EDEW29SM93ZD4VA4U
211,KCNAAWDDLYGLT2KXW
212,UJHUHD4ZCE76NFVFE
213,1G1GE27FLTHTZ9EAC
214,RWYN4SKAZVU05F3DD
215,JZYSYGTVGKFTBU0MT
216,P9FC2HN02HD4X26HG
217,4RNSPC00J846Y1Z18
218,6YBHY0WPFAN6P43YK
219,HX1EX2CXL7PN6S75F
220,BE4ZYVML550D88B31
221,UZSEDH1EG4G768R6X
222,V4W5PZPBJZUUZ7L3M
223,LPJL7B47T4BE5W6M2
224,0Z7EEDRB4P3B18W6C
225,JDZTKCWS8RBSCE9RN
226,S76BL9AAE6GDXE36S
227,9RXK3RLJXA43M2WRP
228,K67BNE0G1H0PBBURB
229,ZB1D3RWHXLR9GVFVJ
230,SKKM1KUW0786JS0L0
231,GEVD8DSNPMGD2TF4R
232,67BSYUUNRTR66VJJ0
233,ZXMAF06D8MTEX4XD0
234,MK49GE0Z5Y0PS9ZJC
235,HS8CGZT1AH898H82B
236,5VVA2VD0W8APSE0W0
237,PD8L6G05RA61AJJL4
238,J1YEEHS6MMRPTRS7M
239,C95XCK1DDU95GK1XV
240,D63VCYRB42GD26MWR
241,11DJRYPXUP3KRUDER
242,1R4GJTV6VVAAD5WFU
243,YPH60DJW6YWJN2PKH
244,1FJMW0RWAHPWRPWPC
245,XN74693BFA5WUDEJC
246,XD3U04TZB9ZJ4SG8P
247,5G4MJW4JR0ATZX4XH
248,ZB6YES3Y9ZF1FRS01
249,MKCTM5SWV9X4BLEY0
250,UA1NKDV759XMDX3LP
251,V50WAJUA3R5R7JEX3
252,VFNF5VM3LE6H7H3HS
253,ES7B539E805LFASM9
254,XDDC5GBM2UDWM0WJ4
255,DAU754050AC65NNZN
256,DTCE8AFLCCK4P1K41
257,NBMG3HWF6L7MK45SK
258,WHUYJSY47D60PXUGS
259,YWY6TKJ1JZS5NHY81
260,EHAW97PPNAG96AA25
261,BT7ERRELHB9GU5C3K
262,S9J9T3SJMCYZH5UKV
263,6662RXP9X8DMG2R40
264,FMU31PTUMET6C3ZE8
265,GGGCWT7E7P14U4L7E
266,VN66444KRRM5N4SL6
267,SH4AXZLX1Z770J51V
268,Z1PYMY0VYL481B4KF
269,S52X0YNKUYJYBFDJM
270,TGMKDRWUX7Y15VV8R
271,JRE9ZXBFXTXP0FH7A
272,X48BCJ7NMVJ8S9G6B
273,7UJRDTGRMLH978878
274,DEBW33G2JCJC5ALFB
275,PS5KJPRUK435J1KJJ
276,7MW7NERXBA2H29CCN
277,86EUH5JSCT4GGP93K
278,C01SNLYRASM7DM5ZL
279,R2PPVTNWVCY68FXK3
280,YCKW75GM2N3959EDT
281,ULV69NGSHE157A2VD
282,WR780A93V1MLJZH5N
283,0NJ0S96CXLS1UNMU3
284,H4460C68ED8HLCZ1U
285,5V6E06VRK27CFTF8F
286,5VP2KCKMZ0BSHSH10
287,J6B1LXCKCXED7N09R
288,KK7YPZD999VUF7YHF
289,KPLRGW2GDY6EPNP1C
290,G53PSWFX2M3E9FBNH
291,E3KPP6NFN73LBJFY0
292,BKW3ZXRL1TXES32DE
293,BBVKFN8D2NGTNB2A0
294,38VFC9ZTTA9BSSPBB
295,4UDM0S39AAXA40LH3
296,80SLHNBU5UMXEW7SL
297,LBP7KR9M7T8W95UK3
298,BTT1DZ948CBL3EYNT
299,4KTC0W5LBNAMYEN99
300,9006Z2Y61TZ6YXXLH
301,999N4DJ875AKS41VE
302,U9513FUPCPZERR47Z
303,K6CWGW9L065DG1Z5B
304,PBFAVWKT86GX3GPZB
305,GX098RFGXEHAV4LPY
306,7VJCFJT8ZDTJB1D82
307,T0G01K5MTEUBCBVT4
308,6EWZET0MTHENZ72DK
309,NT2CCL8YA2MNPFWAM
310,SZV5PAG34GCC97BE3
311,LWMDFTR3J5GBKPCLC
312,28K5YXT0AV02R7EPG
313,4Y75ALNZCNMJKGJSY
314,3L5P3FJ0AZ9UTYU2C
315,4S261T7MYL1BEGF63
316,RDDB8TC9W4UHA8Y6P
317,Z30WEDL5UBGPFSNFS
318,S2EX2ZPEMD8C1UKD6
319,01VPSBC5ZN8S0SS62
320,49K02PC1DU93UKZJ9
321,K9A2T86L5F1X9RG9F
322,RB5ERV6Z7TDGY3ZFC
323,X3GGVUDEEELC0WT7F
324,8E0PXVAGHEEJJPB3K
325,KV3GL8R0KP92C1YHM
326,VM3XF25JREMG0TEJC
327,NSGGLN2YPZUU6RM5B
328,P74MDD4AVB63UHXRN
329,4AX9T483JE49MUC7T
330,6GYH9TL89NMCU28XF
331,SF5YEBYD5JSS3S5T0
332,FGYPR4V1W6S7ZFRP3
333,6UN8A4Z7HTM7LBC4X
334,UCHX4Y0ME8BJ4LFL2
335,EUATBJBS6YS45B3U8
336,KUNMEAEU11MVFBFPS
337,MXM79XT4TZJFKEXKH
338,8A8NUWBPS20ARR0BU
339,LLFKJ7CFD4T4PL92C
340,4B45GWK7HRNRSD9Z7
341,ZEHMCEJJD39LE4M74
342,XM8UJNWJR4BF8PFJF
343,RXE6S8MLZR8J9A4KR
344,3GKEWN839C6NAM037
345,46PBW9CDW4WB3HUNC
346,3BHC563JE12BKW0MN
347,X36MEZ751SWFAP7EN
348,HPVLN2E0908C0YRD6
349,WX4BNBNFBX8278D7T
350,0LVA0TYK6AWKX1D2S
351,3A5Y3EZ4GLNKA68SV
352,F5DP6B2TENVHY9WEX
353,SYZ7CE30WT0PM9J89
354,WD6BHZE4GPFY07ZX3
355,ZMN6DSDE2BARK3RW6
356,BNA0C3TANGDA0246G
357,64ZPN1SUF74ELSMGT
358,BKJP0FSU2MDBSBCSC
359,G3HHB1WNYEK2XLCTV
360,XNLC8PK0M6JUDU2KX
361,G38Z5ZUWC8PHV11CX
362,GV6CHS7P1K3FDAJ96
363,1CDKMNC0RASKYUSAU
364,BHL58WJNXEXLZ74HZ
365,UDYNBA3CNXRPT2ZHE
366,WYKV3F0D296MKGW80
367,VR6JPLG08KYE4L23N
368,F7W084PPXVGCT4HE9
369,CATJL657H12N2P56N
370,R4Y5Y3DVPYYPTSA5D
371,1WRYB5HU4WD4LJ5BW
372,LGXV0VML9PNS4DBRY
373,27J2L55GAWSZ0GRCN
374,SF025AGRPZ1G09U6M
375,4XKEEUP31AWRD4P1G
376,913L8HU7TNMTM0VJL
377,ZAJ43MSEA4GCDKZ1K
378,L7V105HMFJFK1K4CZ
379,WCXRV9B1GC0S17JSH
380,SLE64NHZMNSH5R7VN
381,1UJ6HC8D32W66EM7T
382,EEXEUCP1T5SBYE3R2
383,LMVB7HHWFNCUXLR0V
384,T1EZ99DLJ4AT987YJ
385,VFZUL6FW62V50URNA
386,V3R6GH5HM9F8EU0V4
387,ENKEDJX6HGPVW47AH
388,A7XT7V4CDMHH4WL5X
389,CH595DPH2L595SR72
390,XBVWVPXKFKA3PMP8F
391,PTDZZAMDC70CFTSYR
392,6D1GVT6YAYL684VUU
393,FG8BMAHHH2JZ37JN8
394,N77P2K6FP0KULDL8X
395,3N93TPFGZWEPUSVZ0
396,26XW64VKKXKH1LHMJ
397,LT55YZ6VV4EA871WT
398,W6ABNDHWANYK94AZW
399,FVDZLKMSH329H6YEV
400,Z0W722SYNAXGK9X3K
401,8TX4XKD6MKDHTXL1R
402,W2LDFHAEUY1T6YFZZ
403,27KT98Z76H1JGKNHN
404,6JCBV6339WJL1W9UN
405,X0F69VNAHVKS0UK7U
406,LSS64YSAJP0T7B3N0
407,FEW4GZJ6P4Z2RR7GZ
408,G5HN0X5M8Y484ZGW2
409,G307SDD1XSTSKCRZX
410,8WPGS5W0P6YGNBYBZ
411,BRWT29DSRAKNUD9E9
412,H6XBUFG6KFHJ9TB6T
413,LFJF0YCLLRW5VF604
414,8J7LYLH7RA0BM4J9W
415,0VVLW5756RUUT7LM1
416,PMP3AU1UG7AGTWTRD
417,0RCXLKWB3AS96T4VH
418,ASAZSJ3CA5W44A8S7
419,V1VD0Z0XV6AU6T0NE
420,ABUKU4AJTX48BLN68
421,NBFZ889UGWFBAPLT9
422,1MZXDW43P5Y2NHXF5
423,CXWJVCHB4AUYKK3T9
424,B45DMGGCLEY9MYHED
425,MAM4NAUZD23LFXV1L
426,KYV23URFE3PKSNCYS
427,BJSCZ0SGYB6ZERV70
428,DXK5MR9PAPK8AP666
429,RD1DUP3KDG80SBM9W
430,LUS3A298WGJBVDYCU
431,HRAPVY4X3CFCPU39E
432,ZHHYEN87XXZRKZ1EM
433,0N3BUR8WDU0ZG9DPL
434,XJPVP4VFZ75XMAMGN
435,6UBGMHGW5784KAEKM
436,W21FU24R8G2CZ7J9U
437,7J9UVY387NEW8RGPE
438,XRHWYTFSX66XGWZRS
439,GED1ZEMFTY1SEW33F
440,SL0T1JD9NZVGHJKPV
441,8KV2BS15LB6DAWXNX
442,9B22E226HJ3UK648Y
443,96FJAJN7NGF7KKA6U
444,M7R3M5YZYT7RC4WJJ
445,MKUMGVL6H3UCVS4BP
446,0RMTTEN3W5K7HJ8NS
447,3B19BB56AJ6MS3PT1
448,0R7KDRJ54PGDE6XYR
449,VR2FS8UNR1X7JC00U
450,VDSYBT1SZ7ASSSFXR
451,03F64VADPNJKJHBYK
452,J0ENJAGW3VUVZ4WJY
453,DM6Z74FC88UCGBUM2
454,1S7GF5MV20M2BSTCW
455,AEY3UTZA09VJHK2SA
456,U8A02D63KHPATWGF5
457,C3LM3ACCBHMVX0DY9
458,PHETZ75VAZTZPFK9S
459,8AHU2FSKN72JXM49U
460,27Z061HR5MBJ90PCZ
461,PWG7K49P6GGZBNCC0
462,8JR6BZPP7VPFGDD96
463,LAYZF61G442AP340W
464,UACXBGS5PEF88KLD8
465,1GPP143KF9AV5PGR5
466,CXXHHY7BPR65FF7SY
467,YBF894RHK4DXTJJLP
468,CLJ4GEXG43K8KTN7H
469,HNLFWYR0314JS5PBX
470,YCK0XUR03JL3AFSU0
471,X0MU1FJGE07VG3MFG
472,5X5DD8C14F6KSJZJD
473,WLZFY4CNP11BPUR3F
474,5JTD3CAX0WET6K1KB
475,8ZFTKN8G73K8DZ367
476,ZB3PRF4WUDR4XLR5X
477,VN6Y8ABPSNH790HU5
478,5TYJCBTAYRSTRP8DY
479,J56SYG5C1NG4L6K0W
480,71L6L61YHUHCL6P8D
481,SUDSGPX56MEC22H7Z
482,L3EPRCL8LNG7RA2Y0
483,SHWBA7CXHL0DXDUUP
484,SU67G97RGA2P19FU6
485,A8BSN21JCZ3CCAZ70
486,3DJWFKRNH7ENE23Y7
487,XJZTA0XSBFBMPF9V2
488,17TLHUB2N2JVNNGF0
489,MCN1LUR1F24KXUTWB
490,R9NE6GP2B8UYZKPZT
491,XLLF1TXSYZMTRR0PR
492,CYPVT8K0Z7HCY39PM
493,3FZ59H0YUS2X5J13F
494,A05JYHH684SW6K3FH
495,EMKXA3H32XXN15BSK
496,LYUAZ04YZKL5XG798
497,VXV24AR7MPKMPK1YY
498,5V8UPZ6W22GMVR2XE
499,GSTFKTP661KN0R2F4
500,X76Y50PTJTM0MVXZ4
501,M6EE9990UFD8GCTUE
502,UY87RZ8KR9KJ68DYK
503,PYBPM0DYDSGTL6SYS
504,B1MNXYPZX3XTWC1UX
505,4LK2UY3Y13L3WECD9
506,UEX8SH542Z79E8JKE
507,5WCSJFATHLYKB728D
508,10W3EB54L53P726SA
509,37CH3AH9FKZ1T0ABM
510,B4BCWFSRTFC6WA3V4
511,2AEJN0Y3MNT68D2LS
512,0ZAUE4ML8K93DVLKM
513,069KNXN8M10E5H31N
514,ETR3JB05SSP2VZ0M2
515,KTXRLNK2UR2ATNY32
516,S3FNKK3U6HU82AZBE
517,JKMMG1DHLBL8RJVX3
518,DTDLPGFNM29UU9CP8
519,XLB3DUFDA4ELVUVXS
520,4L93GZ8XS8AWC733M
521,DF54TUNRPL7U4EBDD
522,PAUWGUULE6AVFCR0S
523,HTYYZY0WSEVPENY4J
524,NHE15XD2KLCH9MMRS
525,3Z7GN74R7CH455E4L
526,H31LAEFGCFDA8U0L5
527,FVYNLD2U6MYP7M9NZ
528,J88003V2V5RS8WAYA
529,YE28RDYZYBEG6ULV6
530,8GN1PVJ62X1F705GS
531,D0N2ALL66MSSGBJXU
532,FRBS0HMXMH6Z7ELBX
533,1WRNW0AKXTD1ZDRZS
534,4990TZ5E78AB0X8JA
535,GHYHU0CU2A06LNXAN
536,PJF9VUGZGYJPE2GX7
537,5E5GB1NMPN5MYJFXU
538,GDBCJE7D2YMXYSERX
539,YBBYJ5RXF6CZ781X6
540,94ZU29UPZE00PLTNE
541,01B6V9D18PHPCTDJ2
542,6CLDHUH77695MN0ZX
543,EMMHX6ACWBV87EAX5
544,S04X4GBR615KKZ5JS
545,KFB5N1M1J9CLJ8W77
546,YSF8BVTXPLWF2K383
547,R8G01FDBD6DWX7XUD
548,1XCSMV1M7VX40AWC7
549,S8RRAGFTTUU9U652V
550,SCN4U38JR56ZRAGJ4
551,0K9CU28W9VV06GN2A
552,X4TV9YH1W1P8CTGED
553,JN748V2K70X0015FW
554,AF01MUALGPTPRHSZP
555,HCCL0CF6G4AS0CJZZ
556,ZUUAZGCEKV2C9MDTY
557,HS6EL6JM9UBLPV8MH
558,AYJ3KHHXR1SLFGTKT
559,66CSXJTH4ZFCJFSRP
560,YLJ3S5A8FV284NN1Y
561,BXMNDW9XCPL5ZGKAH
562,VL2T68DTZPW1FZT4T
563,HVZVWT258RUJ5X4HZ
564,TRB30E3UMTHTUEAUK
565,7EEF5A8JWBMHJRSFA
566,VZ7NF2FRES36Y4ZHG
567,UDMY9P17YD4DJK0HP
568,Z7EYTMD4GKX3TJXX4
569,KVKD11YNG6K67TKC4
570,MZ39V2V8Y5Y8J4DXB
571,CNAL0442DPBUBZ1P5
572,058BHFUNKWGLP8L3Y
573,YX99KLF2RW6UDZ74T
574,CGH5EG8JWHPCA0EGR
575,ZEFH3NSLFXAP91YKP
576,Y94CTK9PK9VYWM3TK
577,7V1C48DHDEEBV1TA8
578,MHLARH0WXGASVAD12
579,L2WLVGW7F9CYK7RVH
580,FRKKBXH4EN8XH36T8
581,708A3278C9NLA0W0G
582,26KZA2SJSJP207AUR
583,WC5EPBA5F6G3NVFNE
584,N4KN8X3V8CCMJTXJL
585,DCJVC4D69H1C4RG71
586,ZJDALLZDT056NBWZB
587,UA8R06KE8TUWSFY48
588,G66FFA0ME2NPT349A
589,2X2XFSCLA1KMH2TS2
590,54Z90K8NRVNCRFVSF
591,VG82ATY6MUUABHE8J
592,G58RKZ9EELKE14RN9
593,2KFXNMKGUAFD0SR3Z
594,XSCYHKEDBTX8NRD94
595,JY128ESAWBDPTAKHW
596,DA16NRWHUPG6CH1SE
597,6G3GV697RTVPWB1V1
598,C559A6TJPB2TKAXL3
599,ZECA4UM86NGW00743
600,A62GABRU5CMNHU6PD
601,FH3AD4KYRM99R77XL
602,LT1VMMXENTWNTCCTT
603,D3VH1Z6CC31EA6YMZ
604,2UE36PDK403E3NC4A
605,1X1MXX821CJLS4E0H
606,SZDCTX619SDHCH90W
607,YHXSNY91KTUAW7XSZ
608,U0M8EFLBYWDKGHDEB
609,2VGDF21KPAMBR2GG4
610,LYT7A0ZADDXLRK7HP
611,GKC5U8DCWK0ZEWC4U
612,8VFH2BHBU9N5DA5BM
613,ZBRT6WJDL05WBSGCS
614,6PZZEPHWGADFNH5CP
615,UD0VBE3HPEC3T3BMD
616,PFYN5W74AVWZRABMY
617,GUXBZBVFAU75P9GS8
618,8JST54UR4UU4PRNE8
619,0418Y88NTUC7FX9HB
620,AXL6YN1SXXK5VWYYF
621,0UXWXACSJA8KUZ7HR
622,H164DPPGFU1UV7HMR
623,31XVCUKLWF0LCRWLF
624,V7W6DXK21G38Z9RKB
625,46PEUNY6YUR857BB9
626,7UGXH8S7YGYMYAWUU
627,LRVRMVH1CM6U8K03X
628,AR6HWV6SCJGTXKXT4
629,BMW6YUH0UXTLU76W2
630,3LE3LXS4PWZJ5YTMW
631,LJTW8K3G2SKT6LMKS
632,LZ1D4DX0380E8WSMN
633,S5M3XE6U34DD0FJGP
634,NE15U90C6BVAH8RKF
635,UBNBGYWWPR96VX5EV
636,F8C4VUECW3XF84FL6
637,3MPLVVT34XHYEYA3U
638,BB7WBCF5EEJ30F94U
639,PG8UMPPAK1B925460
640,784W2UNZXEE5R0VL5
641,Z7ALDSAELM87W7LWB
642,RAT8B2V3XZ9Z3YNLT
643,TF41XUX90USCHR9MR
644,JU60E4A9AZMFPJ1CR
645,13LKRG98X6R45YJXZ
646,77Z9Z8HFKLDTYMYNP
647,W9B0H65ZYYA3W84G7
648,J4BUKKPZAW6EBPGEU
649,KA30CZ54PL4YGZA2F
650,F3SENHXT4HELVK7UL
651,80YX597ZAXCFLSKF6
652,8KMV30P8FMXUM7W4V
653,WZ7GFBCB95E4NPBKR
654,XPBPK2DKZKS0MY5YY
655,60S791N47TFAGAERE
656,DVF4RN8XSCYVBDEGG
657,HT1A259ESHMZPZ1FH
658,T5RSSJRRW24HF8VLW
659,FVNH4RU6TE5VTEEWU
660,ZAC2CXZ06BC4V2219
661,WBXYJKT6FG7PC3GK5
662,3VN1HRNFK4FFCGJB7
663,9ZYZHG3VVBVE9R0CB
664,NZWZW67LZBS7SBS3U
665,Z93RZKXW8TRCS6X43
666,GL4FR5977BDEKEYUJ
667,DMSPXPEPGN3HRFWDB
668,N3Y2UGWYWAYN0GRN3
669,5AW2Z4BAS8SH8PREZ
670,D7YLSHMSGF0RRX86Z
671,GYVHN99HYAW4TZLY2
672,89S6DRXZP2PH83PZ1
673,YPXJR05T1321APW0J
674,VWKGT6KDEMV9PP7GN
675,JEPX9RW3V7HXPRJ1H
676,WWTKA77GY0DCG3JJW
677,CM7VGNLA0VU3VE2K9
678,9H5CSDCWXUMEVP4FE
679,ZFY9879EE1M7R084Y
680,HMF4TNN35V94JHGNA
681,EJG98WTRGZ89S8FMM
682,YCWPNDYK9L5HUP4BX
683,J5L97ZV02D57WRZC4
684,CL9VP1EDGFKSTED3L
685,U5XUA0LVNK00K1K68
686,9XJ6A2JB50R3UH65Y
687,S2J59V78CVHYDMX1B
688,ARU0L2NZBKH759JV1
689,0G20Z4166TTRTD5NF
690,3Y7E2W56NLXS762R3
691,XF4NSHDGBGX3CY93K
692,EN26XVE0BBEHD8MCS
693,98R0DESELCZP35JR6
694,VCNUWDM5MS23MZXM8
695,AD7RB4YWFAYK95S6V
696,D16XYFHCGZVS2HUJJ
697,618JCKM5X832FG0R6
698,3EMAFNG5734SHV1GX
699,GF8L0J42W0GYE4SXR
700,L4L0BZ8SXUYMXF4FV
701,CDVX273AFG7XHH1N1
702,VABU89NJWH0AJTJ14
703,WR9Y0YNZH1LBA4RG7
704,UWN9A7VZE0ART5PX4
705,SLRLY0KFUUPAZ2R7R
706,RHY98MVY7K40D6DCZ
707,E07V06GCHEZPSSA94
708,WXZ739K0ADCKLNL18
709,N7E135TV3LYKPXVFL
710,U80ELFK25TFT6GBK9
711,MTG73KM9RV3LGAXPE
712,9ETPE93B7KNNXRA88
713,D8DN8BU0CBL7XWM6E
714,G7011711CTD17MC03
715,DM7EL4A8JB4D8LUTA
716,W5YH83SH3F0L7SNR0
717,R5HH0YSCXLC3HG8FA
718,E0MLX2WWAWJASWBH4
719,PH4V3FZZBV97RN3CM
720,1R0K784BUX2MFF3SR
721,TAECJGUSEE1A0UAVZ
722,9TYYX049PUE5K6U0B
723,PY5CFETR3RK8K1TTF
724,D1VPZK9HYFLY4904J
725,5JZTKJVSLRC4T0XEC
726,U3R07WYEFE2AJW752
727,C351SSVDKL3CKHVTU
728,MY2K09X420X8UHPS8
729,HPT6P0XM004LWE1XY
730,1JVHVMZZF6XR23UYX
731,G9V03248ZTVWP5WRV
732,T7GP5P1RP3JNZDDM8
733,TLM5P5C61PU40EA2Y
734,2UENFJL0PKUN77VSG
735,N4UGRF7CL073GVNLX
736,WU6G9PURP8HMR3Z42
737,23V9D34ZZATTBZ8NZ
738,0SW4Z4FKJBVMP6HA6
739,0FTLC75JU7VBTW4FS
740,VG96GNBV1UHASRC0X
741,1UBTF3UP2X3ETF6GK
742,CS9YR149RY3XC9NA4
743,CM2DKG33G5U8JLJ1J
744,XTGRUYDYBYVA9C9FG
745,UHV2USA70P8GVHJ21
746,8MU9UP8K88U7AT4Y6
747,0479ZGT1LKBEG4Z43
748,BECAAWL2P6WU862LA
749,YNJCZF8747CTP25FK
750,CHXNV4U21XFR5J7VY
751,KWVHX0TSPVTJ61TKH
752,LF9GJZ7220R71MDTN
753,0U4BN36DZCJF22CAS
754,XK2VMPCM4UUBB1261
755,Z1X5E3K3Z2FHC54JV
756,013PE3DZBF1VAM01Y
757,PHJXVRWMXH61BPC46
758,AEGLMMUSW4N775172
759,HA1V5SD4CY9SBK344
760,20D5EK20MA5E4J2W1
761,1S397ZCMBW86SY2DD
762,XB2T4KMRHZ9ZAETNT
763,LP2P154633P5WGPHH
764,GAG54DR18E6EVAYXF
765,6JZXJY06SAG3G2N4K
766,DPZFG87P5M66BMKGL
767,E1U55FBVP6XA5XZ1Z
768,0NZ58GLV64W696T9N
769,1NWKJZWSLUKPNFDKN
770,D5N1N7H7K22HJFUZ5
771,324X1P4D9RE4RN1PX
772,X7YXDJSG33GDXTVBE
773,Y983H6AFL4S3JP3UB
774,MHGRGN85MPJ78VDCN
775,1W0XAGJBRX1YWFD5N
776,ULEATK0Y37J6ZZG1G
777,GJPN93JPY7AMXAYA1
778,EWJJ8PW44XES4B30W
779,AJGNULLGNZUF3CV0C
780,9DSSHH493V3C4B055
781,YCLPDFLGBN885P3NT
782,M2FV011183BF4AGTF
783,KGNKLR1Z10VYRPGX4
784,1HEDDF38P4W9MGRNV
785,KBXUDGHKNGVUNJE4B
786,ZJME4RXWTDKTFUMN0
787,KKKR2K3VMJKUHA6FV
788,4YCGRYRSK98XZT9MG
789,G532HFM4115ZX94HX
790,ECZ0G8KH0BN35B8DB
791,F6VCF8AS42NLLPU68
792,S7BT08Y9UEVDBVHMW
793,F39650SANLJ66FD1X
794,VYT4TBK8PME2MBD9U
795,R2CR8HCHA6382X7T0
796,GVNLJHG284HZG413A
797,2CU81HAYZZL7AGZJD
798,L13CS6KZZYJBKNS30
799,1L129RVBZFV6JDD84
800,NAPEKEPTNFR1WKJ12
801,HLRZ6FW748JAVSD7L
802,V435148866S169C4Z
803,V3ZMSGY2NCXEDF2DA
804,1T1NWU1VL66ZY27AN
805,MP5865VW3RWHHLM8R
806,WDLTAK6K50CV5SRLC
807,M3VP1NR2ZZHBGAUN4
808,RNAN8G55E287CLDZU
809,XW5VTN834MJA8WHZG
810,NMHG08A88A3AN5RVL
811,Y4W4H0XZ344GFFNZW
812,BXVMAW37T4TB1S743
813,DF4GMRC2TG6KP9JFE
814,CPGEV1BY4KLN1LSM3
815,MK38J5APMN4HK9Z9V
816,6DL3WAYUP8CYFLAAJ
817,CZCEUR8T62BGCL1WR
818,Y910FULML4AA9EXME
819,PTYB9T33HK1Z1WXPH
820,G79B9KKWYE430X2L2
821,SK28AESPP2WBTK1EG
822,98LXUUAK5KW8PHPYM
823,H50WMHXZW7UMZVK6M
824,94AW7D0V4VL3R8CVD
825,J6PV0B3N8U14HNJM0
826,0LX5M6N219KA1RDHP
827,UFDGUVKLP9PCWS8T3
828,R9M64SB3HHERDT5DG
829,JK2MG2PXTT13CS6J9
830,77UP8PBDADBF3W94C
831,YWV5S8SDCL2BT8DG5
832,MTVUGJ6VF13W560KP
833,5RS0UKZBZFAK9PUFM
834,1E2Y0A7P43FKJ28VZ
835,2EB174L0RLDC4UUXZ
836,5XEMH4PEPR5E9CV7X
837,01FG1PUDA4JUPAJ93
838,68HBWG9S1AYFJ0DWG
839,SXA7GZ2BDF51EUJSH
840,DF69EE77J0JSMLZ02
841,BG24GL3TD5JC4DPRU
842,VNWGT2PDP4V4FY3PL
843,52X8PCNEBWUCG0JXU
844,FMHKN49TC4KA68JRM
845,M9LEGRUST3JEH3ALA
846,CL224KTMBBPG1AZ2G
847,P1DJRZB6R1AR923ZD
848,74SGHK4X9SJF2CP93
849,UED73026HD78480WF
850,RGU6F96LSLL2J0G3S
851,GA3H454PXX8K6ENUS
852,Z3N2MD48JP6YD10U4
853,EWWNN0FSLZVPX7J99
854,DKL191M0A9HG8RWKV
855,SNBG4VYV14BVNZMJF
856,KWN6WLYMBANUZ40GV
857,7Z2BB2X1BXMN3FUBC
858,ZVYNTBM7MJJRTHS2U
859,8ZZGVWCAZ2KR89MX6
860,55M2FGDL7WHFD0KVJ
861,F4063X9AWTFSCB97S
862,UJNTWXEBGYW5KLTLU
863,8RLL0M4GLT223RN1C
864,XXVE3UFLSWZBUTG1Z
865,CUWRJYTP0JMFY53P4
866,E8VDUVVZTD24C5E6R
867,Z9KZ2CYCJEVY07M6Y
868,F2KWJHYKR20F2RTM8
869,2GPWWLSL082FD6GHW
870,A50C6NFEY59FJV4JP
871,NU012HF8LELUJM9UW
872,22L96UWX71M2L3FMW
873,7W5MH0HYL62HRPZD5
874,XH8SV8UYK0F00SVGM
875,84VKSKZNL88D6LEFG
876,0JR0XBR526TEGCLF8
877,NTY9CRTZD7ULVFLRC
878,ZYRLRRV1PE2ELMH78
879,M4YYNAVDFKDVLLWNP
880,TD013UEWY07UHP002
881,ZULUYWD7SP3849RK9
882,GKWP64TNPL1TVPL5C
883,0MVTEMX4ANEHX8HHT
884,V1L8NVW6FBDZHAPB0
885,XP0E1S8W2HZ5ZVU1R
886,HLH49W2WJSFA1CXAB
887,V1FP18A1ZCJZPAB34
888,9SZD65C99LJFAECCW
889,MTDFRNRJ1UYBY6UHY
890,9MKMZBH40D7SYH6WK
891,48048XSWBNLNALJYF
892,ALX3NT9JWVDU4XVJ7
893,5UL9C9U6ZUYTGVV0Z
894,DH2Z9NLKMWKSNE43W
895,8KTAUW1D74G8A6G6B
896,57MBWM00VGWRR2TZX
897,8PL6GH0931BSV5YE7
898,3470LSHBWP9C5HENA
899,2FU9CHALUSW5GESDX
900,9GLEG89JUHFCCS6F3
901,LFRPDYPUSN12B0D7X
902,36XJ21NAVUA1GTK5G
903,R9CN25H2H001BRRUY
904,DA0HY3CPNGZDRA7H7
905,Y2ZC7SB17UDH856W2
906,LD4GPS4K12Z9XVFY5
907,GEMFGBX1HDH88B44A
908,B04126J0TKP4DHCZ0
909,P94ML0AF3P75MYM6N
910,7ABBX8V8P39EBDR4C
911,MFKX92VUH0S8G3DTG
912,UL3F9GKLDBCARYRCH
913,EVYKZUCJWH750L5LU
914,NP7NNYLUAKA1YM1VP
915,VWE560VKZ3VCCDAG1
916,DH2K95JLXNSN7D0DR
917,0TPHYE5D0BBFKV56X
918,TN0P8SJBNSFP5S4KG
919,ASK8NDUE1HPMKSKYD
920,ZXAR27JAHLDAX3GYR
921,PU7RWC8RA0UWNXVTX
922,YJ4UPNBA01N6464XB
923,3RNL4VRW7H3085U5M
924,2DFDF2SJLWZF54SDE
925,L73W1RYZVMDCDKD7T
926,AYW79E36HBHFDRVJR
927,0USVF9H2PKS0PRG8J
928,T57RWMSRNR0M83PHV
929,71ZABX7DTT2L2BTRS
930,W15GPLSR712VRBE3W
931,2WTWF46P256SAKE4D
932,BS8RG8S48XRMKBBFW
933,8HBCELEXGDP25DV49
934,61A6FYGMYXF6X3UAR
935,8X61PCRBXG6RU9NNS
936,3AMMHKEMCSZVU0ALT
937,F4TVRKDFTNBGF4P7X
938,X609WAML9YF5EDJC9
939,EFM0GHFYPLZWKZZN0
940,LC7PWZXPTTTUKKJ11
941,JUT2J1V96D57Y0S56
942,H00EX8PZ7RBT873FD
943,Z1FJX8NPV0UXRC0D6
944,BTG63FN9FVUTF1FUE
945,PS7V2V6RL941U243M
946,MWB15FJW7115YG9D2
947,BMLYTXPPLLSBZT5AK
948,XMU8597WFP3H2Z4AF
949,WX9EPP5Z33DGJA4BM
950,1N274DKGLGRBJW245
951,ESBF7ZYKJHXBTPCGG
952,VA6T8TK9WJ6AYVPVC
953,R06JE5RUD278PLSED
954,RC68V3T0NV0692RRY
955,1NJ3P7NJ8K2CCK5JY
956,UUDUS0SBNEXPSW5A8
957,07BLLAN9HMEM7T67L
958,944EH5DKDV3WENXMS
959,RLGGZ2GW9VSPFE9XS
960,UK25SHD0C2YCFK2BK
961,YZZ7A4MY4EZ5Y36HY
962,JE1WVZBYTXGAC2RVJ
963,M3F2R1N9CSPJF7ANU
964,B96J3J6756TDRSVNW
965,4LENNN1BBE720E685
966,F8JR0FHN6WVMRGTXC
967,AX17H29ZLLZVE9FEY
968,NL81S9LUZP35G47WD
969,3HYKKUXY9XXJYDW3T
970,G7L63CGBFEA4WJA75
971,UN2VK7DWWDK6TEKB8
972,SDFEW630UT72Y89GR
973,6Y8RC2P5RCB91YZV2
974,K23AFEHYNSABR6CFH
975,21K1139FA8E7TSHL8
976,S0TJ88EASR3CVNKG3
977,6MMUPDGWVXECX3VGS
978,ZNKRBRFZU38AVJPVN
979,PLUW6KLV1GX0SXD2W
980,DUG792NB4H5C6J522
981,9W9MLJSUBY1V81YYV
982,3MNXP280M4GDNLCM6
983,DSX631K1B391R3500
984,WBWG9SKKZ5BP45SGH
985,WFCG32L9A64PX2UF8
986,ST2SKE1RXK7STTGVH
987,PX95LFHJPEU3F5WRE
988,EY4SXAHABMG05F4PV
989,FCE3WJC7CBRK320SP
990,SXHMZCW8XTBLK8JNW
991,ZNREG03H6L90YNM3B
992,D02WBB5CXH4NJ2EK8
993,L7T6NLTCS6X4UNE7M
994,C30ZTKMH6DK1SZBTG
995,0WUF00SMKATFLWB30
996,P97VGBWP230AG8EPF
997,XUDPK698S1N0WVYZ2
998,14H3PE5S82RJ7ZV1H
999,LRBR6KVDNK4KG2LU5
1000,RGHEKUKV9HJ2HDHD7
1001,0N8NMBZV9EKFN8B3J
1002,VANHFPNXLT92GZDD8
1003,S1BTJS2M29X64EFME
1004,LJ07XV88ZBDLHVRMK
1005,VGH60FPTLCSH8W5HV
1006,FDXDF6XK1N2UB28UZ
1007,2DKPMNARUE0VDEM83
1008,WKTZE37X2LKBEF0YL
1009,4CHC5UU3RFVGJB9TV
1010,280ATKY7BHF34GS0R
1011,6WD7EDLSYDEWWFPJ1
1012,MDUNG6LK5PKSM6TXJ
1013,8LRLRCX52MA5DMUCC
1014,DXCLVRAHJ31ZT17TE
1015,4LD6A7NU6N4X9YNT0
1016,H8CL8N2WJN04U3KRT
1017,XXDVRUAH38MMTWKCL
1018,HRW1F8BMAGS84ZDA3
1019,5ECGFC4RTWB0X7KA5
1020,NDBPWJ9JYXK7DG11H
1021,1PFND09GPD6G42A0E
1022,UZYZKETHY8SCDEME8
1023,UVHYGZU5TWSZBAAFU
1024,ZRRAZUFLMT0JD8Y9B
1025,HN8245GULVXDH51ZW
1026,0TUS1ECCML1YNACK5
1027,W1A0YE7VHTGZSCFXK
1028,P8X0Z40NZ6R0YFY7H
1029,EWRDKMBNKHSVPS6LK
1030,SAJ696DYFB6ZE0ZHD
1031,JD995FDAJFY3SYVD7
1032,X1E1NF9N4GBHRWNY5
1033,8P6BAJSW1J01ZMVWA
1034,4M9GVGECWJHULP4TS
1035,P2T12Y881U3P2LPSY
1036,4SG83U7NZ0W4FL9DC
1037,9MHM5KEUJT6G6H392
1038,J2W3DA4TJGHY900EH
1039,HZTKTA7NWGM95BWKD
1040,19ZM8SHERJ7H7ESRC
1041,6G5XT8TSM1YLZNWND
1042,2XFGPMMP4X211KRKW
1043,XUD3NRDFGZ91HK909
1044,09MH7G3BK7W98Y1E9
1045,T7DRC0E9DV5VAWVMC
1046,Z5RRPL9CHJ10JG8UZ
1047,XZ8554N8R0HM8PHLT
1048,N8GG3U7GWFXXBX5XS
1049,CCA3YLU0NCJ3JC56B
1050,P92W3V5PUDY0WAT8E
1051,7SW84LXBWG1Z3ZY9V
1052,HW97BGT2YZBERZT3E
1053,4EV8FRZ32XVL9F686
1054,NGH01LLRRU4CPWMNU
1055,5GFWNF81J3J91K1L0
1056,UF5Z0F78RM9BE12LV
1057,WTHBGJH12D7C1XJ9W
1058,9BB5CY216B764F8B4
1059,VJGVDDZME5G301JPN
1060,CUMFPFL7THLPGD8CG
1061,TWTCDEURRJWL7HW96
1062,VJLHKKYX02R3F1C53
1063,AY9XD4DBN1EP5KBMJ
1064,M13723Z8GFSN5WL75
1065,H5DATBV0B8YMTPHRD
1066,160SL238X0K8X4EH5
1067,9FLUERJ0C4DCTGA59
1068,CJ3K58U2LJVHR5LZH
1069,6TK8FW1G4H1EG934G
1070,MRSGJ3E6U1MKDYW98
1071,2VGRXT3F36FXDXRU9
1072,7XAEWPV2J1FTD50CF
1073,41YHUHDSATRFL8M4K
1074,EZ0GA3P5LT43XMMM6
1075,F47XLEV787ECYD8VL
1076,6NE196VU2TEYX2BEP
1077,B0SA0YPW4HB6H67Y4
1078,XRZZS0BEZ8X4P9UJJ
1079,U6JB0VLKYK53LMAYA
1080,B0TU3ZHHKG1NNPGWN
1081,2ZESGVF1RENBK0YBX
1082,FRPA6SSZS320AXR04
1083,KSN018Z3H35F9AE87
1084,6B4ZN8P6MY36F2556
1085,NP7NBKY2M707EA4FN
1086,BWLNMMHV00G2K4NVZ
1087,NVF57HE9T6GNB2Z32
1088,EUJ1P3MGS5J890CPY
1089,G00PKV1XWKNUV2ZZR
1090,Z1U6U73RNDREHBK1B
1091,BW85TZJE6AS57DZ3V
1092,92D4GYHFWYYEFGMWF
1093,JUJF94M30XTPAEE3E
1094,7TZHKWS8J78DSLTP8
1095,U5FDXHTGX5068B767
1096,D8L5JXNNW0A8JGR83
1097,V5LH93V8Z5ET0G4TY
1098,LA4WMJG9BMCF5URZB
1099,5X6K2GAJ6K7AJL7PZ
1100,KLACMLN9KMXWE0BN2
1101,5PTF4ZJKKPLD35VE0
1102,3Z3J7CYC6ZBLC9MRY
1103,N0PN6KSCHAWXDGP3J
1104,SP2JVD7VACSB171D5
1105,D6XMH0B713P4FERVC
1106,Z768MEEKMM1AYN345
1107,72FSK4R3N7S8MZ66P
1108,LW9G7N589B9G1SXMK
1109,9NYU82TBSVHREB0AW
1110,GRUMVZT6GYWDTD1D5
1111,2F2JHDVUA0TD2K7Z7
1112,KC95D0CNP4R7HTM3S
1113,N30A7BM43A4NMERSZ
1114,LT5Y3DV2UMPG5S3V0
1115,KKLLCDSJG3VLHLBRB
1116,YVG0S7V8DJTCS8N4V
1117,E5L0TVK8N89D5H27M
1118,7FETUHVYL6XDT8AP6
1119,TE124LAWEDJHMVW5L
1120,KGJ5G7Z54CPYZ1XVK
1121,4F7ZG38JYTYFCCZSN
1122,V659TCTVFLMS4EKYA
1123,MW0UAZR4N1GSVSNZC
1124,CNFNCGS1KA512DLVV
1125,LT4CC52SM6TEPLJ0T
1126,3Y2NFGDXWR0PFVETZ
1127,7ES0FU7BX4PLE7T6N
1128,3RLJ8F9ND6BB91L6K
1129,VPKZ353XW6NVD62JS
1130,6W4LTN01GF6T82X0S
1131,H6PCFJ8JY87FJYD6P
1132,FZ0ACJ4LSEHPTH1JJ
1133,MJ1M76WNP8PYJ26TH
1134,VWH58EY5NUEU7V85Z
1135,C6L97TNFY5SLAX12G
1136,KJMN5MS57NYCXPDGG
1137,TMSLE6UBHJYWRKG6W
1138,BM7GSM2FD694GF5TH
1139,SLYLX767LEDRWKKAC
1140,VYYRE2W3ATA6E3GYS
1141,Z79807U4EGB3WPFMF
1142,1VFSMHN500VG36E8B
1143,VL1CB05UKF64MMDM9
1144,DFS5BKH116SYC5S6S
1145,MK476T0HLZBG0WD8Z
1146,HHUU3546YXKFT8MAG
1147,80VTUTYTNB30GFTCW
1148,B61MUPBK5NL3DWZN2
1149,HSFCMALGPK6UVUVDR
1150,A7PWESKYMP31EV0CA
1151,CU3EMG0M586JZUA7K
1152,RJYY15S7AZAGZYNS0
1153,WFXT1X5236U2JCDWC
1154,VUZHLX2EKKVUVKP01
1155,L6SWC1YRT0GMNP0V3
1156,28DGJHWWZFUA2HC98
1157,7BPFVM64HEKH6W040
1158,0K04AW108MURJZG3G
1159,PDLSAE7MXEKZ1344A
1160,8VU5WDDGTVPX76AH8
1161,94W2DTBF6F9UT4EYR
1162,9T9EKMKD421XEGT3F
1163,66XXNUUMEWCP7WN8A
1164,U4RCM7561WZ8PPLTR
1165,DADFPLE1L8DN0NBVV
1166,37617UTYC04YJ4B8H
1167,NHRUSDESMVGSL48AJ
1168,XP2PDJZ4LK1D8ZVUJ
1169,BE7JALNZ5PW7UHXG8
1170,14XPDP0MD0KGTJALZ
1171,5NDE9A932Y6L6B182
1172,8SRBYP9Z7E5D1UJEM
1173,KDH412R1BED4FPC69
1174,TZCERU3DKBB1E8878
1175,FWSSAV3TU8Z3VCZ37
1176,587KZHTP9F7A1MZ22
1177,MZ7S6NLNH9WGY01X6
1178,312EFPNYEP4CF520S
1179,FFN535EGFDB4HY73X
1180,0RXBFM5LA7M0B50UL
1181,6ZJUT2FE5EK5695HX
1182,VLCY94S68W7838KNY
1183,K80XW5M2FCBTLDHKV
1184,2T0B9KPX7AEK8BE0T
1185,V1E1J6NK611PGRY9J
1186,Z3HW4KYKPALV4R9LH
1187,HVJHX59X95TJW7G9P
1188,70K3VRPHSXFMRNG5F
1189,GGUY4WN9X4TR261Z0
1190,NFM7VVTJRG3K9JTUU
1191,TBXWVZKLMH926WLNM
1192,5R7J0U1CU3M761L06
1193,KAXC96GRUD1W3LX02
1194,MSGDY1DUMNMA487FP
1195,ZKUELYL399FWBBPCP
1196,5UPRLR9TL0CT6FCBY
1197,NGLJCASVDANNUY0ZP
1198,GG5LXADX96R0KLAUN
1199,KPH0ZRJYPBCFP0TMX
1200,4G4AXMYHR4PRZY1K2
1201,74N7BPC709ZPCSW4K
1202,9NTURT7TJ0E01XS4R
1203,ZGW7BXHS5HL574Y7T
1204,00TSNV0GPTJZA51TJ
1205,F2TBKY2GJTD5FUUGZ
1206,6NNGJY7X935BTDMH1
1207,DNS3KFEX79GZU9NKH
1208,36VJ9VABF1FZ807X6
1209,2Y4VZFC6LJYWWW1MZ
1210,EXSEX6TYKJDMFVPJE
1211,FPHEHCDAER97CBPJM
1212,UBWZF3F3C1XCB45KM
1213,NPX8P19MXCNWVUEBS
1214,JY8RHKAF5VG9R3XY4
1215,9GS4P2D60C9RHMVZS
1216,9DZYZ17AZTR148UHF
1217,XMZUF1P2DFK9KV6C1
1218,Z6FARXLRRHU458JJE
1219,7U7UMJLZVCYCJ8JFK
1220,KX22U9L6MMRBW91XM
1221,0V01P5VLR8UG1L4ZZ
1222,5P5HA0BPW9WMKJ4SM
1223,ZAKPTS8L939CX6Z1J
1224,K0XALGNCADE4X9101
1225,GJLEVCUBA1CWLFEGK
1226,F0FGRCH34TNJSE9KX
1227,XZB7FYCAYVY1H7E3K
1228,GE1J3K7KEP0352VVL
1229,998XREG1H0SL71HY1
1230,KRC1XLS9MZNE6AA5W
1231,0VDGVPM9JP37XSX42
1232,43KKVU3N9CYUNMYLC
1233,GYLV7Y1NTA1XJSZX8
1234,F1PRGEGW2VDNRMTPR
1235,UZ6W9LRDJUDHWRAW3
1236,YZGAYMRRJG1XKMK6Z
1237,KXL21CL7BANMXF3XR
1238,2FTAYLYNKWDZ6D24X
1239,UCR0NTZZH3EFV4JXP
1240,W58KGREWY3TVTL8YX
1241,3C4KMAM7ZSAD5Z0SK
1242,786ERW7R6ZRURTZ0N
1243,ZBDUS7JE6U5P2XV7M
1244,AXYJ5N8FE41TG1TZV
1245,02PHSXL7PT4YNZBNL
1246,9VZ9YJ4W7DWU08PEU
1247,XD3CLMXVDGMUWS321
1248,0SG97VTCDHLFFSLVH
1249,16D7RNR3KUMS9ALWP
1250,UF2YFYRCR9LVUX5A4
1251,WS4AEV8ZGAZ28GCSS
1252,7UUD77FUGCK4DALER
1253,EVWLTZ70B2CDNERG4
1254,Y6DRGD4LGHFRLBXAC
1255,047KVEM52407S8V5G
1256,FVJAVA18E8V69CKWL
1257,C4SJ0PGJCRBPSVSXA
1258,E8A0DX036ZC41KNTK
1259,FM3PGZPU57A2SD3W9
1260,6E9GJCXF6RR4VPSS9
1261,PEGYYMCKL8AJ1B1YS
1262,GVDY36WSDHVCHETCC
1263,PF1B7MBBFJWZRAXY1
1264,6U8X9F1KBGTHUN885
1265,TFVGTVJ8JEBF4GJ8H
1266,MUYNR1WY888VCTU5S
1267,UKA62RLB73T0C3M9D
1268,3DWX8GPPFS56FJCT3
1269,DZK32UHYEWZVY9PRV
1270,Y4DTTCNC3A50175K5
1271,WWJT982G7TJKLB0XK
1272,UZ573J27P73NWU68G
1273,RN6UC318E22VCDGB1
1274,2N1T2175Y7H9ELXAY
1275,7RDKV79TTKPTXT30G
1276,W9TTTMA9RF5LJNEKA
1277,KSAA1T7THAN1N4TDV
1278,GZAUP1BL5CTR6HDTJ
1279,YDVLVLDLYXEU975YL
1280,8XBDC40E2HJ5YTLMJ
1281,S3LNXBJV069A3AJR9
1282,ZSKA07Y5BZN9XNYAV
1283,KS81GX6C4FLTMRRK7
1284,TH3J5JZTJ2H7RLAX5
1285,U1H3PYJDXLB7DDX43
1286,UK3C7TJJZF0R83ULU
1287,XPHK729JWNL3HPLWK
1288,8HE4DB3Z2JBK0ADBH
1289,12DK7B02B3FF70JZT
1290,Y6B4A87G31HJLND1E
1291,BBYWHZ04WTGFXH1VS
1292,HR1DECL6RH6VHN57F
1293,WBY4S350ATW15C2DU
1294,784YSW5YLVRXWUXE3
1295,JU21PYSBYAET0BN7E
1296,1RUPTDD7HH4JTM64B
1297,ZY617Z0MCYFJ9G0H4
1298,VPJ6TV2GSEYMTE8KH
1299,A1J18J531FN9UJHR6
1300,SFVZJ2PJD4XKDFY5L
1301,2ZCN85ZY68B5TSCTT
1302,7CT76UGN9FZWPS0DN
1303,PH89GN2THLVD1R4UX
1304,JYP2T82RAB7V164GS
1305,YC0MBE1WUSRSMLJ0N
1306,P21DUMFP59UYGG6AA
1307,4J44JZ26W68B0NTE6
1308,FJMAD1ACWR0UF1TA5
1309,G5F3SLT665DK72M45
1310,TGJTY0E7WNDGT01WZ
1311,NNPGGBWJU7AB54901
1312,RM06EMU351HW8L1SM
1313,2H5S8ZBUMLYN6R2Y7
1314,XNDXZX8UBS3LNPMTV
1315,H876NX24JHWXTS9WW
1316,6RPWVYM52RM3YLW6C
1317,YZCS5TAEBM8NV43LK
1318,1RSP192JAS01MP7KX
1319,WHXGBS6R6Z13498AS
1320,1WLFC3Z0D64SNCYFC
1321,RFEXVJLHS8FGS7TAL
1322,VESVH1MLPHFSFJRHX
1323,8YZSVANGWDKKT03P5
1324,BPLM3NPU7K352KAUG
1325,3UGEWKU5V0NZNYR79
1326,VJ50LC3RX30TH5DJP
1327,BBHPM8J6KD9UHRJHM
1328,0809GMJKDA5SDHXFZ
1329,83ASDN3LZY96L499U
1330,P7200A3NZMP9920K3
1331,1P0KARAW7GMW15J0T
1332,CWSSJB12SMUZR7V91
1333,UVJ7R50BY4306A61C
1334,HK0PB2P7FRYFY7K07
1335,YUZ6SMWCRRN5B65NW
1336,ESF7DRMJCMM1BENAY
1337,YRX9FG3G9XY7N71JS
1338,2YBVRVC7DT000GPVE
1339,4K4WL8GVG7PB2A0E7
1340,5DN1DNCKL8WF99F54
1341,J0M9FNSHWFDBRAN4J
1342,7Z6GCY091PZLWL84E
1343,0YWRLH4ZHCK7V0L1N
1344,6JJGF2A8CZYTNUR52
1345,V555SYWCJTK2BFBEW
1346,PGGP894WFF7LAR088
1347,67TEUL940928F1BH6
1348,P942WXF0YATVAVWR5
1349,WVS2RPA5HU6ZHDS3G
1350,PNHV58Z9J2TL3LNRM
1351,4JL2PRED5VCLMAKUL
1352,R7S66Y4A0FGEL80TN
1353,XHBTNN64YKAC30LJG
1354,D2MNLA2UKH0NKXJM9
1355,ATS7UCVN3SGVH2ZR8
1356,09HSVPND0T1YHVWDJ
1357,CU2MBKA0Y9GXC06EL
1358,9X88R8CV3XJ9WMGAK
1359,11R1DCC0MY5F0FJV9
1360,AM0C8EU3XB41GASR0
1361,V3KT95Z27D8AB2TCA
1362,Y6MH9HG7XGMJ8WDRK
1363,ES28C83AXA9ZJW9U7
1364,JBF211W2TXLMDLDJH
1365,X9A56PBZ0NUS0VPKM
1366,RA9W6CHADW8XVA62H
1367,3F4A7S86TJJV229EB
1368,MN1X2S56WZ4RDBNVX
1369,RF1464G8G2PEXZHR7
1370,3GX552BCYY4VU415J
1371,VK138ZGLXZCPLTZH5
1372,Z83RSX01J52V98RG3
1373,37B3SNXBGSA7P2XM7
1374,40JBJVDWPSLRG21KD
1375,KF490JNXSTY3KKRKL
1376,5XK2KUVDS647V3SJK
1377,RKH59EA5XCKH240PJ
1378,UMGM3UUT1GZKJEFYJ
1379,F1JG5VWR28MWH40V9
1380,SFF16EDT1SEGYAER3
1381,2853SECM01TN2MJX0
1382,S23DDKUX00UFWP0GW
1383,2HZVKZ33K0CH1TR5F
1384,DFHWRNHTD5HJPMLZY
1385,KJFMXWXUHLZSMKT7M
1386,J3X99713AE22FX3E7
1387,96P45K0VG0BCFVXYA
1388,MA990C300LUUUY151
1389,BK798HZBGJB89WNBH
1390,385A3573DRBGMYMVH
1391,ACYAEWK3RCBUTF1AX
1392,XKLHTFGK0LY9B2YGS
1393,T747S3SBZ72ZUSERH
1394,BRG1WD3DLLV2X81UF
1395,A0TW87PWJNN26UWTF
1396,BW82UMGPR6AAGR2PX
1397,V62WNNRVRASGM7FB7
1398,531MKMAWA7WEAGJGR
1399,TK9EVVGRF6VKGM37A
1400,T6E8X8J6KKPKJXZ1R
1401,ZF6MSZPUV63YUW0EK
1402,6ADT4MAH2X37B4TXV
1403,9DGDU35JWAWS2SLZR
1404,8U2RAY3XZTHGC4L22
1405,09XB40EM191HFSLMY
1406,Z74KP1SSTTNCBJ57P
1407,4EL7VAALDM2Z997VZ
1408,87AEG97R87KX1N89E
1409,EMJ1LC3P0ASZ78J3S
1410,Z03FEDK6BFSF1P952
1411,8GS165R3AF50G6HU1
1412,3EN236DWSPU82RKSV
1413,LV0L7JSLE1X3P80NT
1414,JGGYDPNLRHKG42TDH
1415,Z3RVYTBXX4WTPN0BL
1416,PU4VKJ2XGPCLUWDAL
1417,2V1GU05TZ3TJT1YBL
1418,A9EWVR1ZM0ZWUYU4H
1419,ZEPY11AFUKK2EFJ0L
1420,51K77Z5LZJZT5HUEF
1421,4RHFRC9HE2VF7F00K
1422,AVBU4ZS2WJJ3ZVCL5
1423,MKLVUNAMEH84D8JCN
1424,V4SNFA22SB9ASTL17
1425,7FEETWLYMDKP21LD3
1426,D15KYYV3J2Y7BZKMP
1427,4J9XV6KV43VPJZ87H
1428,99HEGLY85ETGGN53P
1429,HYF8SP3H8BARF15FH
1430,R9F8MWCBFU7J8USTK
1431,49NHK56G91FAS6X9G
1432,55ZKJ2FB8NWJ5FY7J
1433,BTUNEZ9LJYGEU5704
1434,D9FVK23JPC0W2HXUU
1435,UYCNU76VRGK19DYJ3
1436,RBDL2SYU0YBWCN1HG
1437,43F5TM217N6KZWP9A
1438,1X8K212652PNDJP0J
1439,V47PMX7VGF0TN2SFK
1440,C3B1MRN255Z6CAGYC
1441,386XNY5G0U3U3N3DC
1442,SJX4N2CNN5VL9SDZ9
1443,T5S7D043MPPB4PDHP
1444,JR37G9RBL02UT4FFY
1445,J1HY39H1Z5MCWJCY7
1446,D65EJEYAKJ6AR4132
1447,G6JPBLEGV9YWAC3PV
1448,35AXMGVYC6PTMJGN6
1449,UUB0XXKDYKG9J7TL4
1450,YA1F0WF7ELMHMGASJ
1451,KK600XL44SKH0B2H6
1452,6R1LHLMRY62UE7L14
1453,ENPKDKA2RDZVAXBJG
1454,SLP67FXD22UKXFE0X
1455,BMYREZYL8ZH5NR81G
1456,Z6F1Z2N9UPKWXKEF1
1457,PWUKVGNT8DMFGGEGZ
1458,C5XYU1M6R93HKH979
1459,XKW1C38K67AR2TNXY
1460,DGCLCWHEZMERLR7K7
1461,77AKS538BTN9DDL04
1462,SZR0Y9PA5X6DDDG0B
1463,XK4CGCBZW65338WAZ
1464,NVTS2Z3WF7F9EJKL4
1465,PDV6NMH3NM72XSUHK
1466,E9FD0VBPBMNKJR7N0
1467,MWJA59A5GXTZ3FY0B
1468,2YGY9CD9P2BN640CF
1469,MAUYMNPEZ1CRUK0A7
1470,CUPTHAGXTF2H2CV22
1471,SXDAKBKVA9UGHCFA0
1472,JEGC4BHWLXT6RK0U5
1473,B8T5SHZRU84T2VJEH
1474,JGAUSX95DZTJ5JH0G
1475,14KSJ061EF931E34U
1476,985ALKUA1XAEWP70L
1477,E7XJGCN9W9A9BY289
1478,AVWA71Y5DT2DS2MBG
1479,1DBC2AMVPC9HGU6P4
1480,14FTTZX534775YHZF
1481,DNBR443Y1GZJ8FELR
1482,H7MS7ECYRWWM219AK
1483,JSS5W7NZ6GBU8H7EN
1484,TM1639V7L1F18JTH7
1485,1TSNCE1HXA5UJD9KH
1486,V37URZYES0W45D2SP
1487,CAWEFUBS3TWDEL5W3
1488,5H8JPC3L844BH5MDK
1489,K3RB6YT87H1TAHP91
1490,BM1JPB60HV4000DPK
1491,Y2CLKUFSV51C1Y9D4
1492,7YVPSXZWKH3ASCMJ9
1493,6P48PWRELG78YA78H
1494,6B8XA3K18CUJJGFET
1495,M32V3T34K1EZRH49J
1496,WW3XZJ0M0EZHMLZMZ
1497,86WYUK5T2YRBMGJYA
1498,E6JFWB2B1EY22Z8EH
1499,FZM2FF1F0H5YR2T7K
1500,SUHCT1RYAD01HDK1Y
1501,29W8K1DZD2N2REHPM
1502,PV9T3YUH9E5EDN9GA
1503,3XVMJ39NGHX2G32G8
1504,P9WECV07WTKHNHAD2
1505,TVAR5487RCZ73FYJA
1506,VMKLLFE85609WRBXH
1507,Y9E7DGCWMASKAHZXJ
1508,E9UJ7S4ZNJMBNTB7A
1509,RV9P3SK6AJCR5WWVR
1510,LPYRVSASG3ZDSEGY8
1511,CKCVCEWC60NSDEZS2
1512,6X4GX0LA0FC7EFLM5
1513,HEXULTGWARN8R1227
1514,RHW89AM8YAXCZ254X
1515,4D9ZS0G9VFF1TRPJ3
1516,WF3AF21R77WW8EKGL
1517,C98CCGEHAZZ9D6287
1518,MKKPMKUXUDXUCKYDH
1519,D1J6PZERDG95EGJSS
1520,101B9PBEW0R10MX4P
1521,WJ998BBPLXS47X5Z5
1522,1HLSAZAMM3V2Z5613
1523,NXP5DZUPRXB3XLTE8
1524,PJ0V20V07RPMAT2Z3
1525,BYD9ZUJBPY4TVMKXL
1526,MPLYBCLGXDHBE4NKY
1527,W3N1WWGZ4VP3E4J2T
1528,NE1TKBG74SN79W0X9
1529,PH60UDT0JSBM5R19N
1530,45HDR1RGHXKT1GWF1
1531,MM1VETFRDR14LL4DD
1532,6AFR4JW3DUNUL1CRP
1533,TREWR241EXXF3P1TT
1534,U36NB89LTA9VCM9A3
1535,4T21L4HXTCHFHSVVD
1536,S1K9X73YY2RSHP2PF
1537,320C0L0Z7W6FVMK5H
1538,0PANV9ZSJK0FWCPX3
1539,9PDB1UAWNGPR52BMP
1540,YERPRCYBPY04CNDA2
1541,ACZCSUPKC0FFZYMTD
1542,DCVLSJL6G2M4L4902
1543,7WVSA56J9GURF4E80
1544,ZZ8YHRWU8WFAG9CHF
1545,KCS971UYWKUYSMZ92
1546,RR2RK3ZH1WUY2PZSR
1547,HHPYFNW9SF8GTLXHW
1548,PYZ6FG781S84KXMYZ
1549,3P7TLHKTH257XNMF5
1550,NWU20STZPZSFYDCK3
1551,3U5R874BCCHNCN7EF
1552,DGXT790T7TX7MB9SG
1553,7MWKD00JS4Y4FKB8L
1554,RRV6JC23GU19UNW5R
1555,LXKPC5DUP3RCMUCGA
1556,6RB4YUH0YEH2ZFL39
1557,EDCRDSJ8C7HUHDPT2
1558,XWFRTL0JE5PT32XN9
1559,3D99WBEJTN1D2HVG5
1560,HJ2G3S1526AYH9T01
1561,D3F433AK9XNZLF9ZV
1562,HZNC8XHWRT01TD2ZG
1563,7T29NUS8V5T3A4ZV8
1564,CJSMNG1AZZEH3DR54
1565,LCJZ9SFZCKARUTRDB
1566,A2JG5KDAHZV5D44EK
1567,FFPVCNCKEHJ3JHTW3
1568,435UL6F5LCA6CHZXC
1569,75NTL29VZH47AKXZD
1570,1DBEZ4R59KLUWVVNV
1571,RMDG4NR73YPM59KFK
1572,GHDXTNJVR64B3A3MX
1573,GBJWBPHEF0PCBTCE6
1574,A4208F6CP8A43ZY4Z
1575,0S3RGXR1MJRUC2YYZ
1576,4BH5EKWRX5XUB6GZV
1577,YDTZNC0V1YF4N2PJL
1578,WJVT5TMF1CAS0K63F
1579,BZ65DZE5URUWDLVP6
1580,2K2MZ46BYSW3RGE82
1581,RE63WYL1GV8FUACD7
1582,3CXJTPLF1G52K8W6W
1583,BTR0DTNWK2WJAN5VU
1584,C7KU2A04YBN8VV730
1585,34YYEA94VBU5U2TK4
1586,DWRAMZ65ZCUREAW6W
1587,14FJYWUB4YGPCDEMJ
1588,BJCHJTYWNE0M2UY1X
1589,0KBX0RE4G0P0Z6BDM
1590,RZESFJEFJ541651X3
1591,FZ9G7GLGZAYCX0H45
1592,EDXW078W4YTA7WXMY
1593,UGN5Y4JREH9XPW8PY
1594,G6D2X0YP9EEK3V536
1595,3ZKFAE93Z2ARYSA3E
1596,H3LG4C1NVLDFJN8E8
1597,RVXVURRKCRDC21U6D
1598,MU0UXKW52NB5Y4DHT
1599,UJRL56FX6BGE9KHV7
1600,93X0ZZT7ERZF4VFKE
1601,3TD65KPSDLZ3UDPGS
1602,EV6KWACRLSUH1TFNZ
1603,BEK3J60Y1RLAZSA04
1604,BWH9N8FLN94G73F0M
1605,7UEY6VCG431BGS66V
1606,5MZJAKU6LWSS071KE
1607,9NLKF8D3EEPRNFUDL
1608,0BZ5W14B4STWN7VLK
1609,70DSN76XLT53BEBEZ
1610,R5X0UH45EGWYY4RV8
1611,VSCSWVGNSMSMBH835
1612,4VKDT9LH4S6PX83JZ
1613,YG3ETU8DZ2DNBUU5V
1614,P1UGUGKX642U3R9KF
1615,MY0SGFBX493WYMX7P
1616,0DHGHACTX5RP3EFBT
1617,D34PJ8M3FRK9T3T3T
1618,G0W5PE4JSMFZ3DEAH
1619,T4URRST6SP5YPHZ99
1620,HZDVNBNE2XLSYJRZS
1621,WCNJDBNJFVK84G0JA
1622,LZLXCAPKZRZD6WLMU
1623,GAZYJXN21MMAZS3K7
1624,JV8SJDEHXWY8GHA57
1625,RSR89D9A5L6HWK8WY
1626,1CT6YR208VM7LTCDJ
1627,CGXY7KECXPAX43HCX
1628,R6LNWNVF67FCNS4WE
1629,FXHGDTRYS8T41LYHB
1630,G1Y2Y898LFJZL92T5
1631,YHBL384Z3MU53BEY3
1632,WD4KSG9HXUW8YBEK5
1633,RP9RH9ZJJXS3DV7XL
1634,RZ44PBWCT0T8LPXJ5
1635,B7994H23MXM4PC82S
1636,6J2HTRA7V9S49JYDA
1637,7FCN3MWJLKRBHVGDL
1638,NNAD16VT333KCELHU
1639,LCC9182T7WBDZVGVB
1640,32KUTB5BU8GLSV7K5
1641,8MMBMKDMP53UNVPWC
1642,YH3VK2FHU8CGSKHM9
1643,52F9RT28PX3U5FKAC
1644,N1C4V0V4N1FVLWSEK
1645,VEWP5VRE5LH6E6FDE
1646,TCY1L55WR1W2UVP2W
1647,HH1LFDBY6ZV3LADSR
1648,F6CT0KHA3M0F3SHU2
1649,JBDE8BGL1AYUXJ9NN
1650,CKY2MNSDXP39LWNDJ
1651,GR2B0SK8NLPPX6MKB
1652,H213Z0CZP628TWPHJ
1653,8KPKL1FSVJSKHX0EE
1654,JL74LNRG9RHZVTZGZ
1655,VV24ZRXTRV2M7TEYW
1656,6B56U29UNL7EPKKRP
1657,2C1Z4N06ZBBUYUB33
1658,RWLXM2W05GYGEDDW1
1659,TUYLZLGVW480222UC
1660,C4TY7R69DHERRDLNS
1661,76DZZLNYTNVLB8FTZ
1662,P3SYT9RN8JB0U4R2V
1663,4FXXNBTJ263CX20HJ
1664,893F9F3EFA6VFS6S7
1665,8E0KKLZA9VCU4EC1P
1666,EKL9S61RCDGUDZECV
1667,L30J15MSSABMN6WVP
1668,KL75RLWHEEZUP8CSZ
1669,1HZ5NVL6C11H47P3K
1670,6XPKEZ2HYNKFA6GKA
1671,3BX798ATSSG19P719
1672,PDK9X7WBUJC2A0FRA
1673,2CVX5YP8ZFF0FAYYU
1674,AZ9EV829X8NBTYHXP
1675,330MTW30YB22NKC39
1676,K4XVRVPG1AZCVL5KF
1677,Y9THTH3NL9A546HF0
1678,0KA86SMHAURN52Y2D
1679,GZV775PEDLXLBYNGG
1680,VBP8DN7RJYHPSYAB0
1681,L3PVX6JJ5Y3DKJKMS
1682,T50429KHT97XBYTUG
1683,4L5VXAVM5Z1KLH08R
1684,X1LKHE1AK9DCBXV6B
1685,F6J2UMTKH9YCY86G4
1686,6ARJG8066XBUBN0TT
1687,PGM1RDDB0RH1UFT0Z
1688,R9XY727UE5A8ATFC9
1689,3DXT09XJ08BMYALXC
1690,D0MMV81YG6M0YA5PA
1691,APT4D6PPS1HKGCUBT
1692,0FE6ZVL6ELT8B8R5E
1693,V6TZHYAARP37RWS24
1694,N2DGE7E45WV5XPD1T
1695,PP9NZKFT17W6JM1CC
1696,C0XDCSFA6UBFZRC23
1697,1RB2C330PSKN27GZP
1698,MHS1XCXN1T19UZ7R8
1699,KT9PSJ3HD4NES0FFD
1700,NKTUWEW9NA5V3L4HV
1701,UNC7F5C4UDR9MGB7X
1702,X1JRFHA0JFYCCPJND
1703,SD747TM31C2XYYZ7N
1704,SZN7EXSMDN4USMZ37
1705,VYGXTVWJUEV7BN8SV
1706,LPC56NVXNJE2PFUB1
1707,C033WB088TH0LUX9A
1708,TM7RD1VLFDZ5T4MD0
1709,DYHY7EZH43GP74DX6
1710,53B4E5LDVLTTMNRUV
1711,VYVUR0VN4PVW2JA9C
1712,RF7R3HLNSWTZJC1J9
1713,ECY2XZMRMPF9TWYDW
1714,13JPC86Z774FHBXDA
1715,UVR5D4GRGF29X3C9Z
1716,JUDFFSSYHR6GE5B8L
1717,83TAGYV6PU6JRXDM1
1718,F4SE8BUPRLYZ08X48
1719,B8ZSU937AUW978E64
1720,XCZ9VMGN6F3AU6AHR
1721,T4HEGZACVJ1R3CBLA
1722,TH0HZ1LHE3ACN2VNT
1723,LYEX6FJLXDRXY2LB4
1724,0WKV1YG3DPE55VXBP
1725,H3G6U4CA7C230X7B4
1726,158JWCXGNVVT727G1
1727,JZ9XKTJ6W2WWBLHCW
1728,9BVEAF03JENNGC0NT
1729,5GJP1APAHNY89YFUY
1730,PELUGNS46AY8RVF4E
1731,3J63VC1S2N1FSP6PZ
1732,V02VKTFVBHUH6J9K6
1733,UAY3Z26KNTDYL3YGP
1734,M9TM3PDND5TZC92B4
1735,A3S8LCXSLE4YNVW2M
1736,F89NY6HRL9LYEKDXP
1737,T7L9HLH1HNXMMKGHJ
1738,T514Y0NVBTUB0SNDF
1739,171NF4Y27Z57SDY55
1740,GJNFR2M1VMK0W7RWU
1741,KXYZTRBWP74JLAYEP
1742,E1H2KZN9P9N7SRD75
1743,62EYJSZ1T70VJ7CZK
1744,0STRCJ0W4EAGRNERK
1745,4EPGKXYKLS8LJE20W
1746,2YXTTKBWD4XYBP4X4
1747,LBNWG3YG5CS6N6TVE
1748,K3NCK3JBE8EP6SGBY
1749,APCRB0V79DMRJ7JTG
1750,F48907NXE55A3VGHN
1751,1C88BN5WRU6TX927E
1752,YYHRAP078GW91EVV7
1753,UYSU2KY8G997FNE9V
1754,KYFJ6NJYGZE26C86D
1755,ULWU8LABLSXC7MEA4
1756,PKN0GZA7J4NAEFKJH
1757,3TVB7SJCJNBYZPMK0
1758,SL0CC4N9RCN617PAH
1759,G00NVSFBAKDJ9RLRF
1760,1358T5R0EYLU62Z6C
1761,EGBPMHS3JRAFBBH0U
1762,9DUU0KLFWB0HRWWGT
1763,UN3XWJ73M3CAY5VY8
1764,JTBGDEHB0E73BFMA0
1765,XSVNEKBAKXVJ068PC
1766,FCEBBCP07EAMFR7ZR
1767,CSXUG1FCY9W48P4VS
1768,2WBDEKDFTDJR0SYCC
1769,7S3GPAP7X8NDAH1EJ
1770,VJE4VWD8S7WNM9HD0
1771,6UJLCP9YM4YBLK1YF
1772,Z7W4TR9EL4HF48LX2
1773,G3TDYADEURJSEB6DN
1774,6NRJV19ZDZSL7PPHZ
1775,FLPBS8B4LH8GM2T8T
1776,39CDDPPNE9A1APG18
1777,FX22EMDG54M8YN05X
1778,MYKT4GZ2JE6T54TWX
1779,FXRBRS3W0HUV28UWC
1780,B2E016ARKNZBJ1YYY
1781,E27EBRV2UESC4UNBN
1782,1HFNVYN9E8GLAH6BR
1783,WMFWG32LDEKE9BJR4
1784,4J9DSYV9JTJY11S5K
1785,G9ALFC1BZ4WD1KHZY
1786,T5MD82ZGGU4NJVU6N
1787,AHCC39VLSE98TPS4K
1788,CSFD6TG584YB2HHCM
1789,UA0TBZ34FTBXFREWP
1790,HW5K7ELHSY2ZYDN68
1791,5L42D1WJUNAM0V7F4
1792,DJ0NSS90CSLRGB5PE
1793,79S8P851BPCAUZDG2
1794,4Z7H6LGNPA63EUFUN
1795,HVNLJME14GLXLADJZ
1796,XEVT195VLC2TRLCFY
1797,HH9LHJ4KNLBN8FCU3
1798,S6YE14X5PRTHLU1UR
1799,ZA36WVTVJP5V9CHC6
1800,WNMU83SE46M071E4X
1801,FMSEW07F5FY4MS93H
1802,N7MECE6NF7U74D4JZ
1803,RS2GG27G70EYXUVZF
1804,PB6XN7DPKG4GGDKXA
1805,WU7N1L76YKDRMP2XM
1806,ET6SHWY55AK0FTZXM
1807,DV5K4N3KDGGUV13YN
1808,9XRJP7J01ZHNX39BS
1809,K0D6HVEVTDSNKZBFU
1810,E7SHUEHMKLW59F518
1811,L31918MKRX0WF1696
1812,RY848S61PRB53H1CG
1813,0ZXDUU3VF5B9M01XV
1814,8T103HS9CP3U1E8LP
1815,KKZLHJXSHV3GN0VF9
1816,Y4GUM98G94H2JB8B6
1817,YKBKZTLTD0G1N7WLD
1818,7RE4BC0AFA1VS3WRU
1819,Y8SA2D5VYBYNFWCXT
1820,PE3NCVV79M6KP8ZL1
1821,30A5C5SY7CURFLT18
1822,UCBCTHK49WKH3DDL4
1823,6WDFC92R9V7W42JWC
1824,P9SMB100CBETU7XHR
1825,BDVMUFXAULKVFGVV2
1826,DAJMJ2EZDVT12HMBP
1827,GU37P7AX9VTDU3H6F
1828,ECL5GJZVJ4U9FDW2A
1829,N0T5KSWLCZMYD8XUE
1830,MLWKEP71G0GP9KUZB
1831,1EUTLDC02LGNM53YZ
1832,2PDV252N3XUDTJP73
1833,7AY2GAEX994PWZJVH
1834,62EAS26USZRFDUXRX
1835,K1TB4EL9EFWDY3M15
1836,NHPD06U9CCHF39R0W
1837,D8TPJ8X7M3WTD4MEY
1838,872UYH8UBMGR598RV
1839,JV2DWDZDGDS44KZA0
1840,YUKD216UL957LEY1D
1841,NDETZ0HVLTS7G8PG7
1842,Y8T6G076C19A69ANW
1843,G2DT532TV2KWJR8TW
1844,TAYEPZH8687Z0S7T0
1845,M4KSFF3JASKYA2986
1846,Z7VCNAW6AZLNJFFER
1847,ZA9DH9HWEMNN89JZC
1848,ZSKSEBDYXB0627Y8G
1849,KVHJ07FTSVFFMVWJ4
1850,ZD32BFPP13MNUTCGC
1851,NZZ6HHUY86EYKF84F
1852,RE61AXH6KRXVZ08N0
1853,YDDEZ21TG8K4A33CM
1854,B7ES8LAZRUSB9S4DM
1855,0KZWVW8HEBR3U4E7L
1856,4HHZMH4KF6M3VPHF0
1857,YNY23K1ZFW1YBGF0M
1858,PJ83XHHGHEU3UHHFS
1859,VF6LNW82FR0RTCWF9
1860,V1EVVJDRWPR9N0FK5
1861,1N0PBUNCB9TFBT0ZA
1862,V79EYN02VVR00P6XG
1863,JJCT4EGPZW2PACUN2
1864,EJB75SUVYSJW54PET
1865,2LAMEYZM8LL9M03TZ
1866,WD4UG10P1NX8R34YT
1867,U5D4D5UV4C2A3E913
1868,ZE5240YADA9UXHNPE
1869,NC2YMK1ZFDMW6KATK
1870,243EST4LUJ0D7NXZ4
1871,P1CVN1YF4R2Z25M6D
1872,W1B63EXFMEJWVCVZY
1873,CJHVFBXAW4MJ8CT85
1874,LJ5LWS6HD1JW5ZCTE
1875,GMFWF1SL5TJVXKE17
1876,B89YZM48ZZ50U19W1
1877,VUGB7VAV9PUJ4A10V
1878,UPSP4PX9UMSET65E1
1879,846PJXPVX0JPR2DHH
1880,4TU0NZT22L3H0UPKL
1881,K6UPNWKL70AZVZ2XX
1882,2YMZRGCTRA1N7MA4Y
1883,SMXZAF2CX0KD74512
1884,PKNJEMMWH2VAE33E3
1885,R4856CK3TBMK9BKUD
1886,97FDY8PNV0GX9KP72
1887,ER5XC614D6AG4DAPP
1888,23J6YSNAWZL9UUVFA
1889,0L4Z2JJCXRRFWGXJL
1890,JW5W9J10D7K6AJN5W
1891,KWN1V5DYCB79M562N
1892,GX8NGDK9EZVB41PJK
1893,HE1GSFMJYPDS46MD6
1894,F8B645ZFCSV5BY5MY
1895,YDEMDGFFWCY17J94X
1896,BBJZVSL82AAX6YPW7
1897,TBTF8648MU99XYKMA
1898,97RXRP76EDTJUX2VC
1899,86KHVAJ2WB49CN20V
1900,KVGYFTVJF580PDU68
1901,ERXC364YL5REXSDXN
1902,GWXZ0RYU67L72DS7A
1903,G68AL6XGNA6KWEY71
1904,LXV2MJSKRTTXAVLJB
1905,0BK5MS668U8SUJX40
1906,Y6K5L4B301XWUTR90
1907,FG160AAY0D3H58XS4
1908,ZWJEZMX62FVVMPUDM
1909,7X8CE9Z92TAZAE6HG
1910,K0UVBAM3M61ZT8GTE
1911,C722N5CKNLBLTDW1C
1912,TA1NCNPBWH0BVB5C4
1913,0AYUZJSXB2EWXG3V5
1914,6KCG4GBZK4L5MN4YC
1915,SSA4Y3VHYB57K0LYD
1916,TYULNEE9G1Z24U8RB
1917,MF87FNL2T3Y9KM9W9
1918,8CS4488P2A680BZ88
1919,AD5Z5F8001RRJN00D
1920,TS0165YCBNWAMGV5V
1921,LY8M4ZUA06NA9Y5UB
1922,Z1PUEGV05PSNWXDFM
1923,NVSFN3412S7JZ2H83
1924,8HHVDYRCPGSX2VM5T
1925,EMU29A7TRX83SBE82
1926,5SWXP9FEGH8K2XUBB
1927,20XKC8L6FCVFJTYCK
1928,UTCTTFHT7C53NSPT6
1929,SM8EXYZ6WABYKCVGH
1930,20K7AVHWFH2A0NJ8V
1931,V57T7HG7M7LJFB7G9
1932,7SXRZTDR6P2N02YUF
1933,CSCDPDFT7S9KX53CP
1934,6YN2DFC4VML2ZLREG
1935,R6N7AAH67HL26X9SV
1936,C44GTHG5B3JRGA811
1937,RT79URNWCKUU7R3A9
1938,617DN149YTGFNMADY
1939,L78J0Z77WSF3S7JSV
1940,G1BNEWRH9JRWVSWME
1941,R8C36069RMDLAY1E2
1942,2DS75S6P1RGBUHMLE
1943,KKRB3F3N7Y3ND8EL4
1944,3NZ8GXFRMPPJ14LK6
1945,FTUYFXCW13NMG5BGF
1946,ZM2PB2HCL008AFKCE
1947,VPR4PR7XR2ASFTGUW
1948,2RCUC0YHAF00DWE4Y
1949,MSL14HN8GSF45CP97
1950,GAVYFLZDTKPPNBPPV
1951,JKL7RHFSNECVST2VC
1952,0S6MSWV8439KMXS3A
1953,G7V4GTNVEK9YM89KX
1954,GYTUXAGS1WMF922Y4
1955,YJZTR0A3UA529U99H
1956,7CVADR3SMVSX55MXJ
1957,E15XW4AZC4891D21U
1958,UULKDA753KWTFH4BR
1959,4UD0NHTFSMY9UJ8SE
1960,A97RJVPPJVP9P0FX2
1961,6TZ3F3LYGZSLHT05D
1962,F494JVXLB6JR0AL78
1963,ULTAN4YNTV0TWAYZ8
1964,RZKT881Z5EGVG9M70
1965,B1SVDAJ55VDE96353
1966,XLMALLCYHTV2Y9GL6
1967,8V3DPCC9P9251WWAP
1968,DG0YDVXHDHBDENF16
1969,4BLAY7TSVF1BFBBPZ
1970,S4SM5AJMVNN745V1K
1971,X5CF8RT8KL8F16WU8
1972,0XMKG5ZEGB3SZCYA1
1973,PCSPC1SWTYMC92WZW
1974,2T6VGWZ9DAETARY16
1975,TE8W1D1EN6U6ZAA29
1976,4HY4ZPSZ259ZK191K
1977,TJWKEF016RJ3SHDYT
1978,GKVPNRM2A14G7CDSE
1979,5TDPKRLUEH4K91L0N
1980,K9JTK4MTA24CYFF55
1981,VM3RN8NK084T2F0F2
1982,RDJ38ZTK3S8A4PVSL
1983,KGFV6FCBNKPF8JY9N
1984,RND80DK25N40EKR97
1985,1JW1AUL5392CHEW2U
1986,J4KRVAPHP2SJ7RH2D
1987,Y1HJ8DGK7B3X0MCPZ
1988,FDZY48RTKDMK2N6FB
1989,KXEVDKCCXHVACG0NG
1990,ZXCMXCU8N5WK94RT9
1991,BSXDW5XDFZ9RD0CJS
1992,EAX1GU3HJW939EV71
1993,GFNCHJF5U9JMHAK45
1994,WF4CJKAFNM2M4CUSA
1995,FBZ6G54MZR99KYS5Y
1996,2PLTVZVJ046UV19YU
1997,85MX4LXZACG6H6WHT
1998,PD5LVAFZCYL3W170C
1999,HSS5NMSRKS51A17WV
2000,SHST5G3301X31BRFE
2001,F3JX1NBV4LT2HRZZU
2002,8KB8GT2TAL4H5DGUU
2003,LA83C74V3FK0FJXWK
2004,8U9RV2MAEMUSNEN0N
2005,WB601Y93TB73BN6SK
2006,2XEDM02SR89F215XJ
2007,KA4A86EM1NRHY6F62
2008,LEXNB0YVVV7JKUBVB
2009,HWFET81ZK15THY11U
2010,HR4FL789FZ0DYVCUT
2011,CDH2XN0DMNL0GFLDU
2012,Z1TY3MA916KC8PRT2
2013,Z5TY03LUEFJTMYMNZ
2014,2K74N64X5RDJML9E9
2015,37MN5NFYF34HVLK2B
2016,9CF8CEA5YRXDC69KE
2017,L8WV3H0UEZVWFZKWF
2018,KDD7Z8TA76PSSB545
2019,URUNHX86XPR339KXE
2020,NP5RWUXEYKFMWJGBS
2021,R9K0LM49CBTX5D1PW
2022,WJKA51F20AM05TNAT
2023,6XSS90ZA2JKWYLJ6B
2024,EA5KSCDFBKYEHBLH5
2025,41XJU7PN3KR5N3KRF
2026,E65K2U3L2S1JSRC47
2027,BWA2DFTS18DACT5R4
2028,RRZX54R8MZ9LKYLKH
2029,8E537CT2JW74KNS37
2030,BZPRPRAD59HEHAAH3
2031,CKA7JJDXJVVXF6JMU
2032,0EMMNH7HRFR45WU3W
2033,AFEWYZM4P57P13ASX
2034,BJ1SVA6YXRTUYAD6U
2035,0MX7FVEH5JPD5PDUC
2036,UUGTZTC2UNJ0HNL8A
2037,0P3DSVUDMHLZ7T8X9
2038,J2W4CE1VVC6BAVG20
2039,AKHP2XFJKETMF6XEY
2040,CPL38J4Z41D3LTP14
2041,YR8RKLW7FF9NNFTRB
2042,AB42YTHLU6NVC6ZEA
2043,GX55TUX5GHFLC6V53
2044,KVUV33HKGXX4LTCPE
2045,ZDSC0EF5WPSVHLZW8
2046,M857GHX69S3N53YZP
2047,SNX8KL6F30M17LDWM
2048,SYTZ0BJ218J0CKTGL
2049,57DSAACLMM1UYH7YY
2050,HWU1TER9M0K87EELE
2051,4LCP54KMFAY57GN94
2052,UZET9530UGMWWMZL7
2053,C6JDC17R4Z4EKZZ92
2054,893BZ4163HNEK57S1
2055,FNMDL2NSDWN2WB3P3
2056,CLGU188VPRKTF2PPC
2057,LVCBFX2XN77CCL3KY
2058,UVYPUSNP1NU88P235
2059,XWNY67WTF8Y574P4V
2060,GPG5LSC3T05D2FXK3
2061,KRESTKD9XXT4RDAYT
2062,M2WKVZ09JEHMBET21
2063,M72HE5WHVT9DKU450
2064,KKSPMKXL3YHM197FE
2065,XU1TCSJGMJSZGD2CX
2066,49CPL0R4GEK5Y72N1
2067,ZMSF98EJ1BYJW665F
2068,JKYH2VKTR73BCAX4U
2069,70CJHU8YJ6THGX8TB
2070,1M25BS19BY4UE557B
2071,J22B47VKA8P8UTB2Z
2072,L29CCAVGHW9HEBBAW
2073,DJLR1HV3UAFRMNBHB
2074,74ERCLX848DUUWW68
2075,HZ1UAXAUDHMJW0KPW
2076,DSBT6YFA1638MA7BB
2077,130L0MMY7UA60V72V
2078,0MF213SYFDMW6DJP7
2079,59W8W8A5LSGGJSFS5
2080,P8XU2PM6N20AZBELB
2081,TH50767EZYJW7VNBB
2082,X49NYZ0CHN9EKU5SJ
2083,LUGJW5WMEA4Z2DVPD
2084,2H9MMCPUDFB5NX4A0
2085,XVLJBCF3B3UKJ707U
2086,FC0XDPEDRSLU6457Y
2087,U32YW6WX26ZTXFULJ
2088,WDY0BN37LB1XWKTHW
2089,N8NY32YS4Y6ZEH40F
2090,J1GU62MNLBZXHMEBM
2091,V9EJ91PBFVBF8G0YF
2092,WWMVSN06EL8C9E873
2093,WTNJR8DL9DLF8CC9Y
2094,HKB25NST83CCHCWLR
2095,F1T7V6TYL4HRSHP2F
2096,DZEKLW4S9WZRJJ09M
2097,1ZTHSCH5UF441JKDE
2098,YAX7YF6RE0JUY6BLF
2099,013FFHFW6DVT2M5KV
2100,WM6R0LZ9C3CSJK56P
2101,TFRW429DPWTVB453K
2102,49VY1H38KZVKNC9H9
2103,LV6APU1E74HK52EYV
2104,SY60X8USMN5K14PRD
2105,WBCDRL7RMY6N668EH
2106,39DGPXWTLLRS6WTNE
2107,MDV54P23NYZX8SEWB
2108,MFLXP33PF4TX7A28W
2109,SNUX49K27UBHS8CBF
2110,TVHWA85CA6BTLFZZY
2111,CY9E4MUGARSAY4USM
2112,GHY7F1CHC8RYTXEG6
2113,RKMPLA0MRFJ9TCNBU
2114,W0DR8LTJZSUCBPV5V
2115,C7R3691D4U13HEXB7
2116,UHN6NMVSPJFW5A4ED
2117,FM67WMX7DLXM9Z9TH
2118,KL7F6R89LK18T48ML
2119,9RNS64H7LMPNA7T9C
2120,0SUHR1JCE6W0RR78V
2121,F96BVS2V234MFAATH
2122,YFWTMDDM2SHRJWELC
2123,UYXHTX9H8G0U5CTVY
2124,SUZR027T84P4J54EH
2125,VE6AYEDPZ5D2LXN71
2126,TFBE4DG0ED7U4BZBY
2127,K7DVXPMUG0ZFFWKY2
2128,PDTCTJ0FLBT7NB0F2
2129,R8W1PTW4BNF9H79YJ
2130,HK8DZSN5KGC2GC6EX
2131,5LD6LT4GK3618VTDK
2132,YAEYPZZHD147E63Y6
2133,TWN74CJR6RWPK43H7
2134,U3YV0R15VFT0M3B8M
2135,BF3ULMBM35S2A51L6
2136,ZNN0ZE3F7ZF9DVL1G
2137,J0RD6HF5GG7LACJW8
2138,8P8DLZFNVFXS51RBR
2139,M4A0BCRZUEYBLZMN8
2140,PV6D77SHYDJG7XTHK
2141,NZJVDH9NM9NLXY0TZ
2142,JNHZAFKLA7PMW22UT
2143,3NK0P1GFPB1VZM7CG
2144,U7A1090B7TW7PXST4
2145,LRV0J7FU7SJFB4850
2146,7NJ18KRUHJFJ0PFPE
2147,P4H2HAS5TH46ADBME
2148,4515B1UH9F7A3TJG7
2149,SYRFNF85L9ZGF18LW
2150,MVT43WUU8LNG34Z4C
2151,XU88BFFATGAXVBV7R
2152,2TD3J41DBB72C0Z9V
2153,BLEU52JBDHKX2RE94
2154,FX862NT49BEU0AZ6P
2155,8DARW8XYTUCMJH2ZN
2156,63Y8BNW65T6YKKV4L
2157,W8RFC4A27WNRMD0AD
2158,8M6NJS70H0BNVRBPN
2159,14HD1E7TK380GT4WA
2160,M5RZ5LT1F1X1RPFXK
2161,5NEGMBFV09DHW0911
2162,K1Y146RXHSN3PYABA
2163,CC11ECR86N0JGA4BC
2164,JDZA5P9V832J57H2U
2165,D1RH6UR5P2SHJJ86R
2166,G4E0GGMYSVW67C5HH
2167,34BD8PU1D397DUWEF
2168,ETC905X0KWS5ULRJB
2169,2MDVMHTB9RFHE7ZX3
2170,B6YE4B5Z35ZGW39R8
2171,FKFJ673D84URC99SR
2172,AGDNWPB5NKZD28CAE
2173,L8VS0VGX1K49KGYB7
2174,3TR6D7N8BWF66SX3X
2175,NHG7HR6NYC6T192KR
2176,ZG333GY4TW14JKZUV
2177,RY6MWNTDFKJ8W9KW4
2178,8P9HPZ7TJND208WKT
2179,ZK36BX378BH0CG26Z
2180,H0690SF031UWZYU12
2181,DJFMX3MAWRJG0MHV3
2182,TRK7X4NTD8LD6HFE3
2183,38ATY2MCFHE705E6C
2184,JR4PZ9FYRUW6A9PHS
2185,0TBM8DWUWYK8DDHD5
2186,0WSWBWKKBYR31E4B8
2187,RU0KUE0ERRA4ZJMWU
2188,77E8TFL97NNBAAY0Y
2189,Z5LPAXAKABSUY7RUE
2190,VT8SLMNRVW7EAR9DX
2191,WHXJJWWS1FK2MZ0F5
2192,HD2XBHKG8YY53BPCG
2193,T3TVUSH9NW1HB03MW
2194,RC1LKGWHW5CR4N4Y3
2195,7EA85E6BGGN5DL16U
2196,NP7HD3H2CH7M0FTJS
2197,FXV4NGPCAWGHPWUAV
2198,79VRFYW5LTVH8JGTD
2199,ZGUAJMFL8TGTP8SJH
2200,J1GDZGSF3CN1NKKK2
2201,4YWWL3U2Y1JHD071P
2202,23M3KRK2RCJ6CSAZM
2203,XMG8FH06SU6GMDXEY
2204,DFNXZLG9YGDWH28KC
2205,73U76WSP0SH1KLDEZ
2206,HM7JJKW49CZS84JXE
2207,F5SFHK8XDHH8GA43W
2208,USSDRJTD6HEFERVDA
2209,2C5B9WFLCYXGWZZTL
2210,88FCVXV38FVFKMUC4
2211,YVE8MMX82CLMVWTP1
2212,G81EXMEK3JR5M6N3H
2213,B0DTD0NC9GMPMZLP6
2214,HBCNAK94ST7HKJDP4
2215,RGXMS5PP5EH2W1FWF
2216,MWSLRU8PDT20WH0VW
2217,LCZYKJY3M8CCMH4MM
2218,UHKKY7R111KW16JGB
2219,EP1Y3LUNN7GR45YHV
2220,TL60ZVFYTTASZK3VY
2221,YMF65N01X0A31VCCN
2222,1RAJFMU5KSR0B723C
2223,8623C03CB20KCZ2HJ
2224,NCD1XHTMUYJJA8CU7
2225,BME5GER483A9WGMKF
2226,78XVYHF1F5XGP5EJ7
2227,VPMTL3B4PNH2A8AKK
2228,EGSG2GN68SFP9YTPC
2229,8F0VS6V2Z3V8XS18V
2230,LXTX6WX0RMLK8B533
2231,0YM4YBD1FL5YT9M6V
2232,LHEWYNAKC4WV29NZB
2233,32M75G01CMP6VEK1Z
2234,ZK9K62GWJW55R8S6S
2235,FJCKY5GYA8HEP0XEA
2236,L72L1S98FW32NW3KA
2237,3NGZMVSJ303W8UTJ6
2238,MCGWAYETVERWV3AZ8
2239,7E614G1Y18LZ71G7F
2240,XDYRCY5ZXLWEFHGJK
2241,DCJYZRJ3YSXAD8REL
2242,C22BFXH9U0UC9718W
2243,M0U2D893U1TU8ZR9U
2244,V2C4L25VB3N55ZGFR
2245,46ZGGDDRWKKZWV0LS
2246,F3RCUWN33ZVN4FB2F
2247,WFEY0LR6AAX26BFKW
2248,UFUUXWGLBFG9BWL6D
2249,3GV3T9KE6X3URHS69
2250,86953BJMZW2X2LEW9
2251,ETTMWY2K9JDHAL5MG
2252,V9UJC13S6RKUHZ6LX
2253,SMDVH4JEEUH1V9DX9
2254,XJ581DSULDE123F0H
2255,PEZ0WLBWBKVRPT946
2256,SWG5TD4SH2U3L2Y2G
2257,L4KMV268BJ3CSMZCM
2258,KNSLWPE33S6SJYBM6
2259,GFM1BG045EYFJ671Z
2260,JR59CYXHL30D9UUG5
2261,RVXU1CNPN78D490BD
2262,2KRJCEKKZUV5AFCGS
2263,GF8YNTKL1FCP0GLJE
2264,WKL9JUL841HA3814E
2265,HGVR4ES1V13DUYELV
2266,SPNKD8ETFJ651LGBB
2267,YED2C0P71HB2SZ4E6
2268,L6YF28E4GF1VMD92S
2269,RF86MK47WBV708080
2270,MFE540411A2GHDFDB
2271,175DF5CEZDPFWUC2G
2272,FXJMWGM14FNBAVLH9
2273,17NTRJ15CBYB8DHF8
2274,HP9H1TUHGK3UGSTGP
2275,MSKAGUWFDPZCYCA4E
2276,6TSWPZT7MBMNYURJX
2277,9F2D2G8HXNKRXRC78
2278,3B22U43XG6U0GUFE7
2279,018XBRKX2PZRCY3FN
2280,TUYRPH1HXDN7UXKGT
2281,F00LJY78ZB5RFFAN2
2282,RDB7EXSCBT4EBUH8H
2283,TJ1S6RUF07XPVHCD5
2284,ZV1K4F1HMR56914MV
2285,6GR0L5Z2338U5MVTS
2286,BX8C6TY6ULN54YL5S
2287,TD8ENT4GCVFZAJBLB
2288,9F4KDYVHMV6AZ13ZU
2289,Z3HKVG1DPDP3KD317
2290,EDADWNVHV4Z07E28X
2291,X6RDY9VAGU9CNUKM6
2292,F3612UKT33UAWLJYS
2293,YAZY9UCGGYL1FHT2B
2294,8ATDZ72G56NMX6P0R
2295,LV121GSW91VW6HM5U
2296,HBSMZXTSPCNWGTRZR
2297,JVKX0ZRJ3F7L3TGU9
2298,BC4WE106MBHB3ELXV
2299,6DF1VDLANBU6HZBAK
2300,XLZMRKCCHKN084D13
2301,MHZYDW5SKE0YTSL7L
2302,2TMA28RUDF6GEY1BD
2303,5K41FMWR7FLUXCCEY
2304,BAZMNJ6ERYCUTKGZX
2305,CWRRH6B7XWMB86YT6
2306,4P7GUX8EK6LXLD80D
2307,2HPJ5SNKSN6WKYF4R
2308,VDAX0RPDXJBSF6TU7
2309,52BHHPKSWDN06ZPJ0
2310,TL4GT03K0R9U45FY2
2311,P03W0NWNYN4VJS8PV
2312,TMG4WCV7Y86H1RAT2
2313,36PMMSM9F7XGJP2FK
2314,NSM9E8RVFPY8F1UEV
2315,U0CHZLNL07YBW52UX
2316,KK01LULLZL8N8HW8C
2317,TBU38S7811DJ882C5
2318,JY5SAL2UKVKM62UD1
2319,8V53EZYH47R2LNB0F
2320,6XAG64D2MMDW9M82W
2321,JFDGFPE8LSKN64P7W
2322,58MRUV5T8LNJMWY4A
2323,RNWSU90Z4W3G3GRG6
2324,JKWYMYDP96N3Y882M
2325,1UXEZ18E79J7M008C
2326,CJ80W5PREVJXY3JMR
2327,G80HRXRNJV145WJ92
2328,Z4LPKFN7NMJATZXXL
2329,JLUGCR89U2UUNJVB2
2330,M0XCMNHJ2BYFNM4FW
2331,TZ72P1SM1UNZ30Z7H
2332,NL0EJ6CVJH88BBU8Z
2333,GW7971F02PSLC80DP
2334,UR405VWCZREG6TAF1
2335,610DPUHVMS81SLM8U
2336,0FA5WHKK7YK8HHBYX
2337,9UY4BZKAGSLFDYNWD
2338,SAJJWPX3B9MFXLJ9W
2339,V90HCA7T5GLR0KKAJ
2340,KRCMUFM5RMC7NYFNP
2341,VHHM71B7DD4WA3SEW
2342,R3R4BC98BTEWY3S0J
2343,2SM0APBAPWDDFJWEV
2344,P1CCUJJP966905FN6
2345,4HMJTR1M4F0H6XGMU
2346,J5ALTZGNCM3V6PNVK
2347,55LPCPKKLYJCRSJH3
2348,4HW9HNKBX3SHZZCV8
2349,C9XPMRZNCBU0S1HEN
2350,8XM559U8KY6BW5TZD
2351,45FNYW5GAR7T9PPRF
2352,PSMWZP4F6D7N4B205
2353,5V68DWKGPT2XT2PSG
2354,JCVZT598D7RUMELYG
2355,AC1M4CJ7LPYYXJ3B8
2356,7MJJK3KB5RZUWG7MC
2357,7CED16YHYR8TRDY6S
2358,GHU49969YDK6U9V2L
2359,8UT66P10JGW2BRWBU
2360,4NCBXU2DDV62A600J
2361,DGX5HKHDVAE4FUGJ5
2362,WLB84T4C90D79Z4LF
2363,UW41FD58KCS3ERXZ4
2364,DX0NN5FXYUUNSM076
2365,G4KDL775TYDHLNS90
2366,3BG78C1012VPL03ZM
2367,3P4ZU21MSUE8ASG0K
2368,S8WESDYX8VXLEERX6
2369,8HZ01S8EXXXZ2V4BP
2370,D4RYNFLE8NTCGHUD2
2371,L8JLF20G08S29CH83
2372,2TPZ7SC7JW21LVHCS
2373,AXWGJTZ1ZSGPM48VP
2374,8T4JSUM6CSHZ99PAA
2375,01UYJANLXJHFD4J8X
2376,ML1PHPNHW7YNU1P2X
2377,1526220V69N7W66K5
2378,4SGJT3KNS8HY9JLSL
2379,49U9DL4UDHDAT0ZTX
2380,BVM7U8U4ZKAJX02NL
2381,K7NG37ZET36UDPY9D
2382,NDD47VXN18ADEN0KM
2383,139RD6ZTS937HVSX4
2384,L35J9473TPLNN6HR3
2385,5HSM3BXJHTDVXK2TM
2386,5XEN04EYNBB2138NS
2387,9LE4X3WRL8WVFH6F8
2388,HM2KFPJ2AJ5GJ7FMV
2389,GAN50MF38T27MZ2GZ
2390,XLH9FU22CYPL2UGZN
2391,7566HRCV9SJLGBY3C
2392,X32S8YKRMHC0AM4XJ
2393,07FCRWRYK5F8LYEWA
2394,NTE5MA6PF4XDZD16S
2395,XSXGUA772NXCX4DU3
2396,FSZU0K7HU9Y07WHW8
2397,P8YP3R946YW5HC76B
2398,CE4FNGJ46TGLAUUTU
2399,JT19D2DZGCXGF8ZWM
2400,6TM6NB4XRZ13RRH41
2401,G17RT0R7MYWBG4P6U
2402,W7JCJ11A5MAHDWZBL
2403,ETLAG7P3MT71BT9ZG
2404,57YHLUW6XW95CUSC0
2405,G90CMEXBV1U46ZPBV
2406,79R81HJ9EK12G5FND
2407,DV48X3SPL5YXVRZ7J
2408,KR9EE8J88TWAE1Y08
2409,KY1JTFXVN6PW5XDR5
2410,NGAE3MXH8AF90DYY2
2411,K0S95FKTFZ3Z67X7K
2412,5BMHK22A53RAK84XD
2413,C9X2BL2V7K3MMMUCG
2414,4FPJ4LBC6EUUFXRB8
2415,5AZ4KRLREHERM1T6X
2416,HX3BJJNKCM6FSVBYD
2417,RXPSNK5TFUBPJ2V9S
2418,0SH63EAGJ33SU4WF8
2419,1Z2SKXGHNB8H61UHR
2420,X13VZAMG26P2ELSTJ
2421,KJFPTJ42X5V9CFV71
2422,U4V0NG2DZ3RLKX15C
2423,LFVFHHNHLYWCG5EN3
2424,GNBRD36MJUKVF3U67
2425,2K6FT48WPY2HU6PF2
2426,LHVFTCHFFPVMHTM8D
2427,UFCJYXZPH3A26FB26
2428,UEHR70LYS9B12NKHK
2429,5JDD6NZ3R4FBBJ96Z
2430,XW9UHP48RCKLLSHLY
2431,PPB71FVEGD9S8GGDK
2432,ZWNAV5111G8TEAS55
2433,272YYGPD7M37M5ZT7
2434,BB789R6PAXVWNJJPT
2435,VZ8TGZGX75RSVHXLV
2436,5RSX1KV2A69SG2P9N
2437,VTM6BV5L8PKS014LB
2438,9GC0E7VFP50M4D0A1
2439,EAH1SRRDZ5021V0EP
2440,E13CVGYR7CG806BHC
2441,FA3LKUMPGY4U7ZRNH
2442,FDC2J02DNEYW8F5F8
2443,U1SU3UWWZ38CKM62B
2444,7V6STNYG01RMMWWLV
2445,6R8VX92RPVTA132F8
2446,ZEJSEYDN4GZ9XSBXD
2447,SVG66DRHVNHVCS258
2448,76FZCJSCUL0GCSN39
2449,P4X8KZ7P6597X6968
2450,HY90T4CL5CMA80H81
2451,6VC49C7K22RTSGPH4
2452,DDZK499HE7FMV3BWB
2453,BYC6D16BUY9G31HVD
2454,9W3U650G3R564V4MR
2455,XFV0K3E7RYGGTWYZP
2456,KDZ2UHV3KERJAGJNK
2457,2SBW4XBSWDL5NCCG7
2458,0Y6B94RN4PTTLAFRA
2459,FJMUFYR17M8N1XM0K
2460,TGXNRZ9K4S9P58CRF
2461,L1LJ5XEAGC58DFFP5
2462,Z7BE7GX669RETGXEX
2463,DANW3KEEEASH847J7
2464,FFGVDFZZCW29VJS8L
2465,GFS7AK8F9UPLR2DGJ
2466,F65ME73G66FUAUW3Y
2467,YW26BW1MK6P9LWHKL
2468,GJRH8DP0WZ9PUWT6B
2469,KEMU6FNSDC6HYVG6K
2470,872MNAPBBWKJ0KMT8
2471,BDR8TW9K42HV974XN
2472,NY4SK8DG3Y84W11CT
2473,J5SJ9B31N5JJPKYHH
2474,ZFNXGL6253B6M4550
2475,P9J28EH4D3PYYVRSY
2476,SN92ANF0W9NY49BET
2477,8LEZLKXDU3HYEBG7T
2478,7W4GVYK29T94ALTDE
2479,H0EF9ZS0GRND82NCK
2480,ACMZKR0N5PHMUVNME
2481,LUZ9X834AHJ643MUD
2482,SNXZ7J1GAF5VBNCS2
2483,X51E0TT618EGS4BXS
2484,P0455JY7AE6SKG2HX
2485,BP6CYT9PX4XBM47WE
2486,R8D4DVLX0X8P02UES
2487,UDYL4WBZ46FKB71P4
2488,M51K301PGK2C04Z60
2489,Z10947KB2ED68RU3Z
2490,W567YD37FFB408T1G
2491,74EMV8Y4DUBP3RL9K
2492,Y0M5YTG7STTMNKGRP
2493,63P14L08SDY9SXTMV
2494,SYN3GL7GFCL85EJTU
2495,NYR8Y7TAX9NW9M3PA
2496,9PVZ3MDAPHWC9F9TD
2497,GYKSPJKNL7ZH4Y4DL
2498,19FUDPGKDFCDZP3E0
2499,83B2KA64SMMMD4TXY
2500,4KH0T0ZRXHMLW0SKF
2501,PZCRSE9PBDAE0HXHP
2502,WN340SEA1SJWWXX0S
2503,FHCNSNMZPTU7HJ845
2504,87XEL2EBJU8ACA3YK
2505,7TT2SU25B2W0GBFMH
2506,YGF0PZ6XDT502PMJH
2507,RW8X3558VXXSEDAW1
2508,S3GD3V8URXYT5HCYJ
2509,RKZR6NB5UZ2ZH0A9X
2510,AL1W18VZZLC7RB85R
2511,NK80HJBLMT0A0GMD7
2512,2C14NWMJ6ZXAED2AZ
2513,E92DNB47JWFS27BW2
2514,ZT5BKF6R93CMFTHFF
2515,M5JGSBP5C5Z7WRDMU
2516,M4SCS2CXYEVK2JJXJ
2517,ACT7VW6X0ZYP6H0JE
2518,8L5YGA4PP59PXWDUG
2519,B52494BC3HYJTN9KJ
2520,GZNVN2ZGF48TYB0LN
2521,9SGX8GJG92Y2ELFF4
2522,EBKWH7W01APNVD7EX
2523,2MCN5ERTH8DAF2WJ4
2524,XKS2PZAHR1BEU2XS6
2525,9YAAXB4KSDSUH5DGE
2526,SUHEXYF2RHGD81YS2
2527,TPMPCZL2J1AA3TPS1
2528,8W3HRMZ2AZWX0ZEGL
2529,J95E7274WG5U154PB
2530,FHM6FJF4548EAWFYS
2531,YMBLX5906NZVBXCCK
2532,CFAWCDT76VPNF5CHZ
2533,KKZTSGWVWU9CH70GK
2534,AVL8XYXWBGWGYVT2C
2535,CADGA1KFH2R110C9B
2536,TEAA40XEYUSGY03RB
2537,DN3A906EZHH3KGVD9
2538,4Z36SLHWLVFLSXNN5
2539,URB65VLL6SCFHYVUD
2540,0LDP9ZLS0HD2Z8UBS
2541,ZSN9W6FSZ982ZKRDB
2542,VZRE6BY9Z1F99MMUP
2543,H62WU04KDNZPSKPLE
2544,LDMLS7MNTW1XGCCH2
2545,CPLNYL46HJCFBTCB9
2546,BHMV9Z5EF7MUACDXD
2547,TG8LML9DNZWAG7W6N
2548,LJM4DP2U2ML2X3HEV
2549,4BTK1XVSE3Z8D9LRH
2550,V6L1DX9R36UVZDPJU
2551,NW0RDX1PURMXKK46Y
2552,7V673M2NESP77CJWE
2553,B1B8B1GGJXH257D68
2554,2HPGJHEVNAT7AVW0C
2555,T96A2KN99ZDHCLBNY
2556,ZMT6BTY6J2PH6L2NB
2557,EA6M5S0424LV48WBL
2558,GYLN3P347DUYX4W8T
2559,CGYW6LT3EDHXJ6PH8
2560,6FY6X4H0PTYMNW6PA
2561,YKEEJX7W846JD60Y2
2562,NEGMS14S27WUS4ZAP
2563,XRJ9GZYMBZSHRD269
2564,3ZD8M4JFAJLNDH02P
2565,F9NK4LCU72BZZUGRW
2566,4TBR8VGHPCJ56AW0A
2567,JBMFG9EKZJYBRCJVA
2568,M3DE23YV9T81G1XL4
2569,09LZ6D31Z4E3CRPSH
2570,6Y5ZAR9ZCGK0FK7RY
2571,5GCJPCKHFYTTECH8A
2572,0VUP4KXLDAKMRAJL6
2573,SX6PE4AZJCHUNJ6E3
2574,S445HJVGCG5L0TZG9
2575,LXFG1484V5VNWSS3N
2576,YS91WZHU29FU40V4D
2577,66FTH634JZDSY53Z3
2578,DZ8BKP1XRDHFD26AE
2579,LBN2NGH7HEHCGW9AF
2580,BDHU3ZZ0V22UJF3BY
2581,NVSGPK22NP1LCAPUG
2582,NGMWARVJG267L08YN
2583,UTBALTYL5UYYWY1ZG
2584,PFYSU4N7WMEWFJXT2
2585,R3K5M9BF1TMB71NF8
2586,B5AF4K96MGTHD0SPJ
2587,1HS3VWEWVD039ECXS
2588,5TXWPZZR82G9XLB5B
2589,74EGS3D2B6NK8NAXB
2590,PDX4WW2504GWM8H5F
2591,V4PNV3D7LTJBRL4K0
2592,908B4Z5T7ASXMVN9V
2593,72E79NAW66LU2B146
2594,MPF7Z8W38E2FJPJX2
2595,R715BYJUKA03CPFC6
2596,PRG3PGJ42R7Y71ZJK
2597,5EMG2VW2LRPPP5WVA
2598,JR41V72E1NA8GD578
2599,XYR6NHL8G1ST6PVFE
2600,FN4U0AZ691Y5MYYW9
2601,PMN0SMPPS01JP5PEA
2602,83LZ76MWBJRW1RX36
2603,W4556AF5T2D56DCNT
2604,TN96ZKMFSYUNTT1G2
2605,AFC1B8ZLHVKB0LD89
2606,XES1UJPK2BU09LCBC
2607,6SPXJ8RDMR6PSX4E4
2608,4LAVKWK9G6B5WG0T1
2609,PAGGSM0HM3PZFXFSW
2610,8AEN9VXEKMCWAPARS
2611,J24SSD9WPH4ACYDHX
2612,5HAZUNZGKZ8TVBLG0
2613,Y3EA89G1JMYPKYXD1
2614,Y36DJG0F2J1VAHV8D
2615,600GAUD8WMSSPJ0XT
2616,PFYDP5JDGD86MN37N
2617,AS6SGNDNKLCY29U5S
2618,B5982MH29HRWXBWJ3
2619,YL3WSSB4ZVZMXUES1
2620,LH7DDNW10F93Y1RMZ
2621,W3UA9RRNLFE4MF5Y6
2622,V6JU0YKZ6LCWHT17D
2623,BCXS2SYG6DGZA5T3J
2624,GLAMZ5ANCYSXL54RM
2625,CGTLFWZT4RLNYSKNA
2626,MTYA8HD1CGYGJYX3Z
2627,8VZGCKVV2XRA8TJ9T
2628,Y226S61XXHT4UVD03
2629,KZW428D2HVVSLCE2N
2630,0LKHVMX4N4PMZG801
2631,MS2NVHJU31HED82R0
2632,7NXNUPL23LSEWBAZ4
2633,VLEGEHX9PHL6BL0XP
2634,C194BRUFMDXPGMG3K
2635,GGSDCA3PNE37WV31X
2636,53SMBB9SEP8MVCRC4
2637,VRZ64GNT1CKTCDY6X
2638,RHYPA2J2WHMTXGM8B
2639,ZAH4DY3662DKUSG9N
2640,7XA2RF76G5G4GGGDG
2641,UYSXRSYCJU9PK1B9B
2642,YXP2CNN21YTDR56HY
2643,AB9REE1FGYUNK32ZT
2644,21VCW3ZELSWAWYDVF
2645,BD6VVVKHMAFBZSEX8
2646,9FZUUH7HSTZL4TRTU
2647,BXW07FFCRAU2NVEES
2648,TN0YK2CS8787NKWL8
2649,N71SW6YH6V4WCVN1A
2650,JHKNXM5XCCN8D2RXY
2651,2UX7DUKPMG2TGVWVF
2652,R626TDLVP4PR12Y2D
2653,A1BB5WHZUG2PP7PXC
2654,V6TLVVCPNEWWUH5F5
2655,3JU1TUBTT7716X8RW
2656,3KKHRZ471M0E0BJVP
2657,UL3ZRN2JPA6MS04EL
2658,G653FDXAP80P7NPRN
2659,Y4P1ESFT0KYKT6FCS
2660,WMRG1AMSG47MGV555
2661,1HLJ2T5XA2RL6JLBP
2662,FDFEN0V6ZEWZ7WCWS
2663,VZLLLN4STMGMTG5Y0
2664,JRKFZ99LWNFD231AE
2665,UJ5P2Y70PX27U0C8N
2666,KG5RT1KWJXEFJVSMB
2667,C5VMW4BPYDYLMDSZZ
2668,15RGHZ6PW5KRLWADT
2669,EG1UHZ7DB3RT5525R
2670,7CN953UUX2N0MFJKN
2671,SJBZK6E0LUL2KETC2
2672,XUEZ92HV7BLJB4HYS
2673,XVDE0AZRXMSHSRD54
2674,HNDJRRHS3F8FGSYKH
2675,5MPF02CANECGPP1C9
2676,74RWWPSX1X30ZBCJG
2677,SL80W76KWY472FM97
2678,8RW4TJYB4F4VU2FUS
2679,PESH9FV81LKP6FYR5
2680,HWYK1Y9VX1V6WU6AS
2681,4BPA1XSJS50Y25C9U
2682,SCDHUJBCGT4301VPJ
2683,WCPH5Y2V37569VGY5
2684,E34X2AMDFYV312CZ3
2685,W142LWA2LNYCWKYMV
2686,4KF0CM2ACA45NENBA
2687,AGW5L1210CDDC48TH
2688,VGAABHZSPHMKT9MN9
2689,NE6DRXEK987GKEGEH
2690,23LTPBLJJR4N9DUF2
2691,1RRKYCLWCCN48VSH2
2692,VNBZ645EMW9Z5JD2H
2693,5ES9B3DL229533WKF
2694,7LEUV81WEACW0JTNA
2695,ZA4SNCEU1YJDCDGM5
2696,SDYF45CLPNDBRHC87
2697,1R175NNBK0E5M8XUB
2698,814JKRZ906V925YX6
2699,TDDADKEJ8EKZ625C0
2700,H67YCZZVND633KVVE
2701,67X6W0U1CFRVKJ5VS
2702,3PJGYY88YCPT3VZUR
2703,HFNTPJ48X9PN955M7
2704,JUETK9BXZRRXF5SD4
2705,HUUL4G6CDW0PE60M0
2706,L501F2GT3UASML2PD
2707,H2B918ZYMVWDAWZSD
2708,7E3118YEFCB4A42AD
2709,9P787CGXEADCD8MF4
2710,CPDPYKE404FAZ31TT
2711,HXV9HRR9LBNGFPYSM
2712,90RBU60HT747RA2MD
2713,E2DV0BPE7G6U23HH5
2714,SHBS9U6JGD87JW11J
2715,N8UFW9PH8PL6DTEAM
2716,SNSM6FRUXD9LLV9H2
2717,CP7D8S7K4E58Y4DEE
2718,X6W1GEMA173GR3W4V
2719,PPHKECWBPXAZUBY3V
2720,GXPYDJ2KT4GLTR4ZB
2721,JL1SMGSLB5693U58X
2722,9CESJ13CTXC1G4PXX
2723,ZGH6D8KRUMFX6JPTU
2724,GCRXU2EKT8JJ36YHF
2725,ZPRZR2P0S6RDU1KB0
2726,U8RVYB0E8SZRBG0AK
2727,23KMRJF6JKGUZW0YL
2728,X6BYD1DHLKY27U5Y6
2729,REF7J01FKMC2NKRYL
2730,HNXUZURENZ005168H
2731,N92DANFEMGGXLLHSF
2732,81G707DDV5354YZC5
2733,12XPV8EWSRN1388V0
2734,PWWE37GHM0LHYEU44
2735,YYW6E1KHC742B9J77
2736,R8J3K4BX6SL3AVEWC
2737,049PU1BWC8ECWBV82
2738,0S1KEGL89H2DGZEXE
2739,XPH9YPFJNLVUZ0K1R
2740,023BWVK3AGJNH1WZ6
2741,FT3YWA7E17WT19ECB
2742,VCWW1E0NT78DDDWPC
2743,MVMX948TLYW7ULBAC
2744,HLW78PRP75MD5KUNK
2745,X7N4GC70DNB29TTU1
2746,69KWFRVK0E5336TVJ
2747,1JSUF0ZWGLH5MBMB8
2748,DCAY09FVZ6DZK0SW2
2749,EHH70ZFGBKMW813XM
2750,ARX4LZFFSC8N6G0G9
2751,95NWLTPS97V5V3AA3
2752,3YUH7EPT69681YZ99
2753,6BRH3BPV7GY8AZRS9
2754,XTM9T5P6KJ41RASG2
2755,G0NFYYL3M47KV80HX
2756,4F2ECU4390DZNZGT9
2757,753LCHUDKRVVYFJU1
2758,D8S2F8N8HKUK46HVE
2759,NX1AUP907N6KV8W00
2760,YPN0W6U09SPD0P1U3
2761,E0TZE3FHTYRMVR962
2762,US5BZFDCHKH4PACUH
2763,TXTPGGYEKV9CJZ5NK
2764,K4V8FS1W94FD10WYN
2765,00SYTVLLGVNE9UMDX
2766,NMRPJDTLLXY3Z4PF7
2767,HCFXBMRAW7RAX569E
2768,12E4A9SRECZUMZH55
2769,V6467PN174701R9CM
2770,635TGSJ93HSV5W789
2771,52B5HTY4HY9VXPPMA
2772,8PTM0GAZYYENGHNMV
2773,51ENZ1BMXMWAW2DAX
2774,2LCGYVSPTG8M0NFWS
2775,D7NZPC3GZYFKDEUNB
2776,V9BFD17GG81NDYNLF
2777,1H4K0LKF6ZHAH48V9
2778,5BE971ZLEH69KUFBD
2779,07S4L33A80FHJDW0N
2780,BWL13CYZTM4YWKVGP
2781,WKNGKY7R4BT68DJR9
2782,W12HL491N64LLCANW
2783,3ADS494Y260RWGXDX
2784,3UHG9RB26ULDL58CH
2785,P6YU7DMSMD9W16LH8
2786,PEZG67TU2916N9JTZ
2787,1UNFD2SE89WJWZF3Y
2788,6XUFX9EAZBDGZNAVY
2789,ZGV2KAMFNWLR3L6WH
2790,AAFZ1K2NR1E2L76X7
2791,R763LMS0WPAU9DYUU
2792,1PKWBW6NCDHJ66VWC
2793,9EM8ZHHB2J9BWJJKF
2794,4LU4YDNGDMHX90L80
2795,EY6AACUVK5N3TJMNC
2796,Z8H0MHL1ULGZUS93U
2797,71KWYRC15ZCERNFZP
2798,K8ND4UH3WXG5VDE97
2799,HJRG3BG2BW5MYMXM9
2800,2C9N6DF70ZMF6ESJC
2801,0F114P0RAB0URFKMX
2802,CC6FZGYSNXU50XTW1
2803,LMWHZ8BAG68GM5HRF
2804,SCBE89SL1Z6FZGZHB
2805,09BNYJ7C4BE2F5143
2806,LDLF7JNH96SKJNUL1
2807,1JSV3LUZH5ANGA1NB
2808,RLHUY9Z0FEYLTPHPM
2809,YWY2DUNXFBBTL6ZNC
2810,TPX8J6KVGM3ZUTNCX
2811,JL1WSGHP59WJFV4BT
2812,X4FG1P1WUPW30XVLL
2813,D05PFEL5U90KDPXXN
2814,7R3Z095S1RCS3H58D
2815,XCTFSXTVEFUL0RUGW
2816,B0HHUJRVVW7JX1H94
2817,4G4N6CENKWCX8SWHF
2818,TBW2C5TVF2YAXBKLF
2819,08RS5ZSP9BGHNYP4F
2820,9P4VUG3NDPZ9WAN2N
2821,TS1U7EBUFGGDV8EZL
2822,DA5P7RZVXMAM8PG1C
2823,JYVVBD5BJRTTZ0VYU
2824,EJ4EE0HVFMRMFYDW5
2825,MVA3175T17GPGRHSW
2826,0JPD9UD09YLRZEP2K
2827,92RHS1CAJP0L5C2JK
2828,CJ9MY9BNNUGZWA4BG
2829,T4B9HGXSGUBUX9TLP
2830,1PUNYW45U8NCJ7T7F
2831,CCFGKRX3WSNVNGMSZ
2832,2F5JC4U1CVHGDP6B9
2833,YUHE0EKMTDFDF3Y0T
2834,LT3DNXDTDNL45N7F3
2835,H2YZVE40X4PUFA7TH
2836,6PCP9K428DYKRN83E
2837,7FNM9WRXJ3BJLH5ZV
2838,YWNR60PB54J7R576W
2839,74DDPV2UAWBM74EDD
2840,GT0GD9GP4Z4HX9C3J
2841,46EJG78XN05AW0FJL
2842,ZMHGALC43AB2VTGS7
2843,XGUKR4BF76DPYCGW1
2844,6JF7KG4D0KC2DW2M1
2845,MCTNCNS05TGVPWMJ9
2846,VSX24KB0VL80BMBRY
2847,3RVTNF3JABKKCGD5Z
2848,RHF4EREW4B0BMSXKF
2849,A8CXV9P7YYN029PHK
2850,MN2N7ETMNUNHGV3RP
2851,PXD75Y9AL6UT5P2T6
2852,PP23LG14KZVURK632
2853,80M69TUNTX702PA90
2854,W0JBGGNGMS4SNZG83
2855,UUZENJZHVNGY5AZS1
2856,VURA4UVDLBT3T08KZ
2857,WZC66FEURXWJ4LPNA
2858,E9VVCBBUEAKN90VBK
2859,M7WYWW3FSTZ9CL3UX
2860,6W7A1XWFKVWRGZ6VL
2861,SUB002HTCB2DYDK5L
2862,T62XU1VS1JANT5BSK
2863,4651HWLUKZUVENSV4
2864,GNYKJJLT3E9AWJFG4
2865,GYZ1LJ8T5LVZR5EC1
2866,WS3JWZ2R02KRJYXHA
2867,FLLBNLB9D3E9CY1W5
2868,S8LRZDLP0MP6KE6J7
2869,5T7X3SU84ABYP7EY1
2870,4KN9F3L2EFHT9HKKG
2871,AC6MY00DXK3PC86PR
2872,2C78DKWCY7TPEP5DV
2873,JPRJ53VVCL6HCSWKC
2874,DJEDFBS6RWG20AVHC
2875,3GA9BRH5WPJ0A7BXF
2876,XUNWFD2EY4RGG9KW4
2877,5SVMYP7F7RJXHAD7T
2878,XRMAFN8NRD1SC5466
2879,EP3PKETSYZE7SWET7
2880,JLUM6MZCTK19EPULS
2881,NP64AV34XSJR49XK1
2882,S886USDS3NA7GJ0MC
2883,JAY4DXYLXGBETLXC3
2884,0CMH4P9U41PTKX3UV
2885,WEB8CL1ZJSGR32B31
2886,UR2AV8T4LCV9066UB
2887,84U614R9FLDL9X9N1
2888,ZW1F5M91EMV9X0AY0
2889,RP2ZDML8F6GER7VL0
2890,D09PJWEWX5VZ0YDZU
2891,B76DN9DC4SLXVG94X
2892,R4T7U003A81HLYAHR
2893,0K7MZT3YXN0UFVMTP
2894,JRJE6RUMJHW17DSG5
2895,RHPEKCK2ANP6MY76D
2896,BG131ZTVDN8VL3MEJ
2897,WS67416WCLM2DWYV7
2898,E5SZ0RF79YJYN95HV
2899,FVTXTMRBCH34X0GSV
2900,KNS3XMT3AAR48Y713
2901,HUNX0YTUNPPYWFSWY
2902,HGYTW3D7RUNEB3WSD
2903,PTF45A5B86TX3YUKF
2904,FJFRB9V39EN1CB8GF
2905,S2CA1ZMXG2D2YP02M
2906,GB9NDAFSDUR204WG0
2907,A4ANF8P39ZGAAAH1A
2908,0VNURW36NG36977LB
2909,PR5HTJKGMBSUC54NE
2910,T3422RYHU0W7JVE85
2911,M8LCESYFXRKV4M293
2912,BHWXK50BCCF4C8HKP
2913,Y3YWGWL2NV9G7MCG5
2914,P141T8MY5BLA9WZDW
2915,2D2T2VHHPTCHXSBG5
2916,PVSC40PSA8FC6D7AZ
2917,YLKZNKE1SFTU47TAB
2918,SSYCBZ2SK3JYKF2XP
2919,59SKHSLHTRR7BK8JU
2920,9HFSWLRRRT28873FZ
2921,RDZ2A56U4NHMT1M93
2922,VWGVU4N5FMV8YP1M2
2923,4BN8GXMFHTJCB94BM
2924,3GLKGWMAWAZU53ADM
2925,BXNBWL678HLEX9SWM
2926,9E9KA9N61MBCULS9F
2927,7AYE85PK1W4MAST2F
2928,R05Y46Z6Y399TDCBV
2929,PJLK16ZB0B0022STY
2930,N7JRXR5BW67KMN4N9
2931,USBKD2ADBS6UYFJBK
2932,M98U98EF9Y4JWFC38
2933,VNN1PWWUGRXJWBVXT
2934,7VZBHSVRSDGFAAKLE
2935,5UWKDX4G3L62XDZ5N
2936,448E7TL7XLUVFMM5P
2937,J945DCV6752SD1RPP
2938,R3K9HTSCX9KD3LPDT
2939,ZA3CKFNL2CHJHSUTW
2940,9C6GWX98RT8HRLVR5
2941,D6K1RNMLU0LRWVDEM
2942,79RBZ56D9E90NC4XC
2943,HKHT1C2X67A57311S
2944,PZR4SK10R3EGE7FRY
2945,1DXSNF1UMX8VALJD1
2946,G3SC0AN9CV5WZWADP
2947,AKPD4V8A2P3HTNNPX
2948,06Z6HS7LWLP06XYHK
2949,YZC5FHAE9WEP3EF7E
2950,UEMVESY6FPGCLGSL1
2951,ELWFP8Y7H31R9WM6R
2952,4G9U2E29YVNW4E99C
2953,UFLD41PJ337TKZM79
2954,5LM050RBCGS5YAMFB
2955,LVZ2F29ZF7U3HWZYV
2956,KYX3UVPJSDRZPT19B
2957,V9R4PV1FCRACU7648
2958,WHUMEHRG4281PDWHM
2959,33HNLZRVM7AM5SBJH
2960,ZF7J4JVWXMC64VPKR
2961,8YH3WFL7SHYEU0V4Y
2962,UT3FH3LDM6T3Z9MGX
2963,NS1WJZSTRRL15RP67
2964,4AT559M0JV02ML34V
2965,B1BR74J8Z9S59KTJ3
2966,6UZGEUALB2BUPRKM1
2967,KUN9J08HJ89WAJT9E
2968,RTLU9SV5NM9XW0621
2969,P7GA3XY0TJ46UYE31
2970,3L32XGKEZ9292ASMX
2971,3Y0BCJL065GA3THP6
2972,8NDEX5UMBL0PVVG1J
2973,1A4LDAFM8LJAYPUM3
2974,UWYFSB62WVD5ZLVPX
2975,MYWHS8B6W4U8T6N2H
2976,CF97T5RMD8XE4XAZ1
2977,8YU5PMWB4V5KLMHGL
2978,LTSZ753ZL269F9XH3
2979,9K9H0KS84ZWNVX6R6
2980,E7TZU3EBJP5CJXFAL
2981,P84CZPFG7WULUWRGN
2982,4CGH3ZUM2UF99NNFT
2983,1R7A8KKBAN0FMBE6U
2984,Y6MBDXYY4DJRG81B0
2985,5G2378EMNBAZ0WAMD
2986,FE7R1A49S4FFY1NWX
2987,8FLCFK93BVC80KG4D
2988,PU2EB7BRW9NAFJH6T
2989,MUXUCSD6M0XJAZKRZ
2990,SZ59HU28XSDYVLU5U
2991,GVHNSNKTEVD27ESZS
2992,PZ90JPH2AZL2ESEEE
2993,HUHKVDU4MM9N8NA9A
2994,VL4SDM5UXT6XP3RYY
2995,75UR7HL2AHE4TH208
2996,1LYHHFD9AZKYP0JLL
2997,RZKNXTATY3MD3FZVK
2998,NH7BXXB17TE3U3B01
2999,8V1H6GBSVLHHKH90S
3000,PMF3KBG50HJ826LKU
3001,DCNRW2E25SES96PE5
3002,TWUHP2KA9R9SHHJG9
3003,KKANTUZZ0PA6VN673
3004,G1E9HW0DGKDBFWWNK
3005,BE496CZ5HL5DNUHE2
3006,RL297EV2SCDS3ZPAF
3007,PXR6749Z5TNVL7DYE
3008,N8YEL12TS8VCMBF65
3009,EJARL295NSU0AMWRU
3010,E5SK54W3E2UU6WKYS
3011,11SHWW0XUHC8DLBLF
3012,EWBAL48YSENVXCKKV
3013,TKU80YATG3HEMT34Y
3014,8RYSUR1HZEXBWTEEB
3015,NUJ0LTG236B099207
3016,MX3G8LVACPK5KBDBG
3017,K6TR19LYK945N04EZ
3018,GGVTJ23CKEDA33GXE
3019,5JF8CEYNK3BB3FAFU
3020,NLP76KL65K6M8FD6D
3021,J92AJ9MRJ49FC374E
3022,AHXLBN5PVY5RTALMJ
3023,A1YGX5P0KZMXXZH0K
3024,TZWZ4YDGA6HHVBTU6
3025,MZVRK15YWLU34BBW4
3026,HNZAVG6MNHL4NRZ32
3027,C2619KYRG8KRELVX9
3028,5WKY5420JWC5040XT
3029,ZVVCUY290377Z16FV
3030,65ET0FN8TKZNYF77S
3031,KSMMT87TJK9MD0MEG
3032,3Z7PR3586VWF7600J
3033,R9A95ZZRK9XD21D90
3034,88C1UDVAXD467DMD3
3035,DBNZZ3FRM028EZGKZ
3036,N83KNSEK5818VJSCS
3037,3EN10JE3DRTE2YYFH
3038,HHF67GH879SYE1TJD
3039,GL65MG7BSUGB6AW3N
3040,9G2G8NRL829JJGNL8
3041,PSG6CATAY7ABHK8XA
3042,LX5P362EYYVAFKVFV
3043,9XFF0VHBG4KZDJR4M
3044,UMA6JX7EH5LYUXHH6
3045,7SNNY283SX1SZN4YP
3046,46NEE23E5VS3N47A3
3047,SZ7ACPA55PZ4B6MKV
3048,2EEUK4T3WEEW04865
3049,K2YCZR94SS3P1DB4L
3050,78JZ70HHE9T6RC1U7
3051,1MDZU78N6JF7W1ZVH
3052,XAG8M7JGL12T5WFXE
3053,VUFWAFT15AXGNF97U
3054,HWW73J0LLSXCJRRTP
3055,KERE34DST5A299LGV
3056,PD0772RUL8LNTFTFJ
3057,ANWP73VDT0PMS8CP9
3058,DNCAVKLDYE70M32SL
3059,BBCDFD4KXFW2DNXZE
3060,WM00XMV182TSNLT6Y
3061,FH8MYANF488BUCBP5
3062,JE7VPZT45CRGJ8R4V
3063,6YKSE4EBWYT53VTU8
3064,4YH53D35V8E5NE0L3
3065,4WJMVMSCCBB3UT2DE
3066,E8MJ5VG90X23UTX50
3067,N8NF8SXE7RDCKRX5W
3068,5B104WD9C5BZBK9WK
3069,VU61TH32MZPCV38A1
3070,BB68FH5JT1AWWTDFX
3071,TRYLNBEC1CUKY9BSJ
3072,PHLZTPC894K43D9XX
3073,6ZB574PE4F8L5VU06
3074,RLW60CYEESBMW5TLU
3075,G7TT32P5JN5CAAYJ0
3076,YHB6H0V30W65MDR4G
3077,H1LPKZVWF8U9NMNS8
3078,JGSPXE3V2LLJ49CP0
3079,PTKYNTYRT0HLLM1TP
3080,BJK37GPDPTT9TZYB3
3081,MA6S0DDMM1P7BCUY2
3082,89MGHMBUHUXYRX5TR
3083,YP4FF6WFRZ55SE4G0
3084,59JF0MBAJT925EBMJ
3085,C9Z884LA9Z6H2L2ZC
3086,7X9UZ6P54PTX93KHK
3087,62RUBMBK12P144LCV
3088,PW0EZHCNJHPM8XW67
3089,7BWVPC4CNVP7YY2TN
3090,HJWHB1LVGNFVLSRYA
3091,8CGFV911EUJ5769BA
3092,WPJACVLE5JESXJL2F
3093,H3S8DS7KLL7MDZJ2N
3094,5TGPR4EHZS622SG5W
3095,5HN0RNYWZT2Y2MJLE
3096,CXFLWKZW4WGUF0T3P
3097,T1H9XKNPL10LSPT9F
3098,KT80K7W19FXKDG7NH
3099,93UW4E5D750BN5FT4
3100,9VPAZ9U96X28YR1XR
3101,C0L6S9WP6N2N6YU2P
3102,HZAXV6TB4AH7S24V9
3103,J5TX7PKEH61YFX9LZ
3104,JJ1UG5KL9HUHEZVDE
3105,VUZRVKLEE5FHLFS5S
3106,Y56XELMGG03DWHYJC
3107,8VY0PMTUPW941MXPY
3108,DT3ZACT08B229J70G
3109,1K3EHFKR6TLNRS42C
3110,ZGWKPCV4A2ZTV3087
3111,PYH4N16WXBYKP9H9P
3112,2PHYGW3VEYE3WKA5A
3113,DU4H7N6KV6HP5LRCX
3114,P72E4KWSHK5MRF68M
3115,86XW328J6KAV3J4PP
3116,7AH4YDA2VH2RP0VH5
3117,M88NLXMY4TNW1Y985
3118,3R47815191BESKX2Z
3119,SWUG2A9X88GXUKYE1
3120,84ZM7XH7NKMKV0YUA
3121,W0NNTR51DP0X9422R
3122,D14BERPTRFP19HWNH
3123,H5807BBPX4ET3V18C
3124,6DMHVKL1VA0R1GU7H
3125,KY34UKKXPU34MZ4DT
3126,SUT9K885MTHWKR9US
3127,UC6JTWPZ5K1BUCM0X
3128,4P97XRSAFY0TPM048
3129,LT7CXDD5YYWBBWPZD
3130,H63CESVDC7C9RK0FV
3131,7GG1TDDR3G2ANL0CK
3132,6DN403M0RX0RN82G9
3133,PT9MMR2LZ1N4684TZ
3134,EA479Y807BL8NCGZ4
3135,SCZGTT17YFZM98SDT
3136,F6WE5X0BBU9VV4CU0
3137,VRWFBXGS7CNFSTFFT
3138,XD4YHMAA85X57JMNY
3139,D6EWLH7FGA94V7Z2B
3140,2B2JLMYEYP796WNV9
3141,JPLPM15D2V74A0A8W
3142,3KPR25KF4D6DGZNCZ
3143,6UJF7YZ1M9RFV1F2K
3144,RRK6DNPVGM7EEAK4N
3145,FHS96Z199Y6T9511R
3146,DV0YPRK3CF667SF67
3147,8JXNR8VV0KYE4E8MR
3148,VD06D4ZUPG7KA69B1
3149,42EMJGD26RAUU6A3A
3150,GJAA2VMTSXCH2U336
3151,MTSY1CHJKLKHHUJX2
3152,1YTP9614CJGGSK7S1
3153,2VXPA0A2TTNEVJT4L
3154,YW3B8341SZV2V355U
3155,M3KJF8YLFKY9UN24D
3156,RR5P2VM9Y4UXW342H
3157,34BWYR5RT9D3353KJ
3158,MMV7S7VSJ187D1NJA
3159,EKZG1KZA38ABYU73W
3160,GUU4PKD5P9SNACL4E
3161,4A90500U1Y5WZ4TXZ
3162,WJUML4VTGY06T9WKD
3163,J5KFMADWWW266ZNX2
3164,TLTZLWFHALJV3MNDR
3165,1009N4ZMHGZC0R81N
3166,1USZ51YT0R80KERUL
3167,2M9FATFVZNMZCMJ2B
3168,1PWMCFLMG3CJEYB0T
3169,CG96VFLLF1AE7A0YE
3170,D09731ZP9MGGPMNCP
3171,9WJJMA6BJUWDVCV2C
3172,0E97UZKGVMYSYMM49
3173,3VZ4T9SLWXT7SPDAC
3174,2KDWAZ9X6P11R9U4Z
3175,N34687AK8L809YGYE
3176,0PP4WHWCE8KD7B5GZ
3177,20AH3GNHXKJZNMDHE
3178,FVUDT0VNZ69E64H5V
3179,PWPBXN8PACBXX4F2E
3180,NL510L4DFE0M0WVCK
3181,MVZ09APZHJF5UYS0Y
3182,PDXE7PCZY95Z5AEVY
3183,JYMREYTERX4PMEBRN
3184,GVZLS7V0F9YSK0U8P
3185,KWZRDCFHBKK1PUGZ0
3186,T47TK2FJUPB9C6471
3187,AFP5AFRZMW1C4V7YY
3188,6DPSHVL3T1XYMCR6D
3189,TV33TP30FCGB414E7
3190,DU6U5VVKKTHNV7H1J
3191,Y2VPA76TBFTTKEVSX
3192,NJGNJ7N4H55UTZ1NX
3193,LGGZDGLFC1UAEV950
3194,RK50KL2CLN0F7G3HL
3195,X54CVJ3RGJUV3VPU6
3196,SPC5AF16FZK1KTTZL
3197,1RLWUFCXVUGHBBF01
3198,980P52LKMPCFH2ACC
3199,0B5GAVNLK985A7YC7
3200,18PHZSPM5X7SR8SK7
3201,Z0PKVCR9JLXE54ESG
3202,9SVG2MFV5MT2PTGUV
3203,U1FPCBMMT6UM6FJ4E
3204,JSPHRXSRUCLDT3NW6
3205,9LVCFW1BZ92WJ7ZVC
3206,L8C7TPM7S96F6ZFMY
3207,S7RMLSR49VV8F0JM4
3208,3UP7PVJB0EYMW8J5F
3209,9SWN5EUWLF9XESCT4
3210,M40GUZW5ARX0HXN49
3211,61T6JC6UMGYNRYJ27
3212,MV284NR8C9V0ZVXK3
3213,C3V5437X1X5B1YYGX
3214,M072VCU31161A69RZ
3215,4S6DUUARUS2FSYZAH
3216,J9SCK3GGUEFPL4PFJ
3217,8CW5MDPNWW4KUGAJY
3218,R94EUX4FNDK73DW7L
3219,18BMNRLLYVM2D17PH
3220,JGMMVR5P0GZRLPZPL
3221,DZ3SDZZCZZAX199UE
3222,JBR1SR1ZNCVG7SNGH
3223,NGHHSBY4U5HJ7HD2H
3224,U55YVBC0AJMNXAA5W
3225,1W53TFMH3J8J3RN05
3226,RARFRC3GK9R890HYV
3227,W4ARLFWWC7M069KLP
3228,X0SNCJGJ68SK6T4MB
3229,4TMWP1JUJR7RL2NR4
3230,AP23X7L8MK89DXXCN
3231,TGR5UKBRKFMR44SR7
3232,PRRBUVUK9JAFJXMXA
3233,0EZPRNPYP7J6S1A9K
3234,V3ZAD2H469S1XL03H
3235,SMJ0HNAKF44Z6WTL0
3236,JSH8CJAPH9E4NHSVB
3237,B5WGVEUPNAP35SXGH
3238,M84Y48ME3PKL16YP0
3239,Y4SKYPYZKTDMU02P3
3240,BU3YPY67VDLBLJXJ7
3241,RPF0AA3XHB2L65TGH
3242,VXFAXEN4ASU7TMC6B
3243,3M0E2JC9D464XE6N3
3244,GH4X8131KX3NFT288
3245,RNREAWDNAMYM1Z4YF
3246,S1BC3LEBAU53G63X5
3247,W4CA2M0LGB5UVUUMX
3248,CS1A6GZ1X4AK6EFJR
3249,43AC8AJSY4PZPSY33
3250,53A0EF6B1M6AD3B6F
3251,AY26DD40UHV8VPJD9
3252,3SVNHXE1SBMWCZW8G
3253,E77JK1UDY6RWNY5LZ
3254,8E0DK7BE6P9E0FFNP
3255,97JJVT36H86LGPP6X
3256,N8U7FVJTW3CFS67VM
3257,RZYJRMK2HCNPY3N03
3258,X8VG3D5B96H7YARZV
3259,Y406H1UMEAAHTFTPY
3260,GS1GCNK5SLUKJRGU9
3261,8CZR49WFFJJHA1V1D
3262,3SA5BL6KATR4W7014
3263,WSZNMBLS5SH8VP0PD
3264,EG9857HWBYN6L58P5
3265,KCLR1SVE1UX347YT4
3266,E0D7HER5C53D4DTJA
3267,MD7RL98JEL8HV4ERT
3268,L97M4VGCMMC49C0D1
3269,25M1TWLRUV4J3MR7G
3270,6BEATL5U7DYRLKXM5
3271,3DJNA8VVJYCHRMRD1
3272,V7TH7AHVLNCGV8JSE
3273,3L6ZDMMBDT07RDW5X
3274,P6UW9FBH6DASGTV3R
3275,338AXY7V787VZAY2L
3276,WTMN5CV2XE9BY32TM
3277,N3LN37L0TEZHTHRMC
3278,T17JBD1CUYTH5Y1CG
3279,MDZW5LELM05N8DBKW
3280,B8V3VNU1U06NCL7PE
3281,0RG2T3V9UJBJB9HJA
3282,T2JZUCDCN7P3CTTHT
3283,RMR876KDJ1P5FGKN7
3284,9C7LWF7Z7425LTDVA
3285,B2TEECFY9G9F6XK2R
3286,NW6WJKT1PEV9SJR51
3287,XJGWHPU9JEM6WXTC2
3288,VTAACG2U9DPJ972R6
3289,9RF2PGEJVJ7CRKWCX
3290,D2M6RHMNS74ZTN0AY
3291,EU53VBA8M1X3LTKB0
3292,3S1X12NCF0DLFGGRB
3293,UBRNH9G0E3XRNBJWZ
3294,KAEG7Z9UV96W0D0JD
3295,D2G7JRFVDUM6ASVHZ
3296,51XA156KDLV1W6A86
3297,LN90R578PDYZ5TVYM
3298,3H7CD3M77UW2WYJRF
3299,CMXT16ZDA5NJX8SUD
3300,5ALL1KG5460J4PT9N
3301,3ZH4RK0MC6P5GV6H0
3302,MZMZ40XASDTK2T20J
3303,DNLX4FK4N1TKS63FL
3304,WDTTFG46515YKH837
3305,PPZ7ZHA8PF3Y1V5HL
3306,6RAR3F6UT06X63DGN
3307,RGFM23ZZJBKVP4ZHX
3308,GL4DX2E11RV961T3G
3309,EFESXVDRBLA98UXJ6
3310,S4WL9JAPV5LBU8BSM
3311,GEHM6M4RXB7DS1GSL
3312,PPRAJ15V90Y1NNTWN
3313,6XXG9M5HW5ENYDL8P
3314,TMVG2509U1NP8FE2D
3315,86DYGNAG3RJSHMDZ7
3316,4AR14KWW3EHMY12RZ
3317,4LRUB9PT1NWP2GKSP
3318,BUBFBV66STA5GL0J6
3319,52NW80GRVYL7RV4KT
3320,M3JTDFL80RZAVMA21
3321,GMJY5E36SVL11T6GE
3322,HP0SCN8J8BTTYHFJX
3323,5JHHBXKT44PR29C93
3324,V3L1BN6Z9PLBHUEUF
3325,P5RZA8MR68RK94N9R
3326,5WF6TTCNZFHP4VY32
3327,2PEMVY8DP1C0NC2XV
3328,X6070CED9FPMCS9YF
3329,CW3L4N99MU2J3ERPY
3330,DM8S3PFJC6VJH32SD
3331,TL1HRNFFRUF4NH1KV
3332,VRUW43U2UVYP45H2S
3333,ZKJH2XJANHXPW6A4Y
3334,NDF48M7AV6F7EVGW3
3335,8CXSJU3YLDSAJNJ70
3336,J8AJY4E616T5UYZVX
3337,PL1ZCZS0MNMWLS0X8
3338,ED7NU4FGK98A7TJEM
3339,WALY67TK7UXJ07LEM
3340,9NDJ4N7GZ6WUMY7H2
3341,38148UY3WAMRPULH6
3342,FYGZ5N9FPGSCFYD0P
3343,V6CLTV53C55FW9LX4
3344,XFTNVHHC3CDRJETKC
3345,MF5R5K0Z4U183F4RA
3346,GDDA2X3WNKU93W781
3347,G9P6W473PL1G9R4ZN
3348,UHJAYGMZG54RVGVFU
3349,V2K497SWT02LLHH0T
3350,D51C7BZJJ186C1TAL
3351,GNZVUN01BFG8FXKA9
3352,ZC9AY3LECGZSAREJA
3353,TSAWMFP929GB3GE19
3354,130ZFM8AJWCWYJN2Z
3355,3GRC0M2H38HMBV62E
3356,NEM9UKLBUPB13JGV0
3357,WHPUEMAKHRDP1YP61
3358,32U32998HVP1V8BEW
3359,HFS98ZB2ZRD80NMX2
3360,M4XCMG0A1KEC7VPRU
3361,1TSFH8XBT9W05AAVF
3362,3H5W9JR6NVYWCSWEP
3363,N67UDK2K0T38ZGDTS
3364,X9ZN7K1T3742Z93MT
3365,L9MD9W6DFV61DHJT6
3366,H42TCTTR8S1M7WEYV
3367,6PEG5BW7392U3BPJZ
3368,HPC59F91N8CXFK9Z2
3369,MLP80UJ9VVKTZ4CTB
3370,PKCT1M610WT8WA3PY
3371,5XZ0RDDG43YJ62JGE
3372,HS0XUSJ3DRDB2RCNX
3373,VD5K0SZGR1HK6L8G8
3374,YYVJD1WUXB3B2AMSA
3375,YHFTVMSNRHE1BEN81
3376,WHCBKTVM25T568SEF
3377,F48CH1TC4UD7Z42G6
3378,ZS2RVRAYEW33F4CK9
3379,99GM0RYAFRMLB6J19
3380,KU645BZV8FMJZ3H3G
3381,VPJPYARB5DY53NKGG
3382,YSH8FK017WMCCA45H
3383,UHRA21H0J57HUVK3E
3384,C03TCZW6JXHFNBCHJ
3385,9FPCPW8U24871XS61
3386,JL7Y1KN47S5P1FYYP
3387,5SSEDJJM69SMYB2A9
3388,GTSWZX6710HMEBL20
3389,8SUDLAAS417MDS8JA
3390,W7WPC64K1SRAA9P40
3391,BGDM6B2G73DKE0FWY
3392,W57KBU3Z2N7GSCFBL
3393,3XR3DEYY9NKR699TH
3394,YH4192GDEP6JAVXT1
3395,JYS14D2F2YHW8SDPL
3396,BE5GVY9SZABZ0XLNY
3397,YPU91MLLNY921X504
3398,ZGEWC87UU9JNXVGV6
3399,MT7Z0H0RG9YNF764J
3400,R64W3S3PG1M6C018B
3401,CDRNEZAXXPBPTB2ZY
3402,D7VW3AM05JS647T0R
3403,VM8RE8ZC4D0J60SAM
3404,D3SU0WDYXF7N13RZW
3405,6WP1WM3S9ULNZG70Z
3406,D8STERG6E3FAAUGJJ
3407,LTHTNJPMA42NC5N3C
3408,XPT73U1K7W9XLENNY
3409,3AM0UCDDGHH7MKZNZ
3410,03M7TDZPRDX2J0PLU
3411,50ME2RWPV5LEPDTSE
3412,0RWD0B8L19YVGXDJD
3413,5E7T7H6FJMF9H3ZKL
3414,8RG66H9ADTL32LRCB
3415,ENR44F1X85GPRMKVV
3416,K00CK10G9GY9BVCH2
3417,906MM2P4F14B1ACJF
3418,2YX456M46VFVXKJUU
3419,DXEPHD3E99XMM08MZ
3420,SV3CP0M9L9RJ8DTF5
3421,MVTY78PRAT1KU667P
3422,AH6MSCUGVDXB9YLA1
3423,4MZMWB6NUBDRBB7MY
3424,A1ZTKLAE72ENBAHN4
3425,1UZ45S3YE4XPE90C5
3426,XHSFGRH7PCTEDN7UN
3427,93PJX7LLVZH38CZSG
3428,UXV01YYPD5ZHL200K
3429,UXFVKMMWZTKHUNCFX
3430,3MVJ6WVR0VEMATF4J
3431,62DHXUKTR7R3JBL0N
3432,C1E3BDRJSDBA8BYPU
3433,8V51Z9K562ZTF52HR
3434,LBCN37MNBU76KKCDU
3435,KLKUSS3EP337BDPFR
3436,9V3JHNC8EYF3T0B8S
3437,TRBN1ZSTEDWNJ2P17
3438,U0RGHKP7EGRBCDP3B
3439,4MSKKJVPFMW8913ZK
3440,RLU0N1HGHZWB6FKAB
3441,8N62RZKXHWGGZ5UMH
3442,W1RAH2GTW8K60PCMA
3443,79SF68PD2W9Y7ABZK
3444,RMLF1XCNM0J53GZZU
3445,M8C9L8D9AZALE18P5
3446,C5X6VTAH7WNMY8US0
3447,N3X5B6H5SLHXPN3W0
3448,FFVLVSX23NBY56UXE
3449,G4JEB312385P69PUA
3450,JJ4CYGL34PR5E0HXL
3451,HSFCSZY13KEGCSXDB
3452,35E40YYULHZHEZY1V
3453,MHTKSYCVL85YR14BM
3454,X1ZKJGRN2UCKM79F8
3455,LXCHAXEETKFW9FD52
3456,7B2B56WT4XWL1F749
3457,ACNAKDZNEL8XY0KEJ
3458,TKU8HK6ZXLTR8U8C0
3459,183CEWU6T0BKZEPLX
3460,1J27MX0NA2MM7Y82X
3461,SWTM6WTSYAM2T02CG
3462,T0FH52989HLNKKA0M
3463,VZ303TXHB80ENUZVS
3464,HGNE1Y5SU077KXJ73
3465,E5BLWVKHPNFKFUPET
3466,JCXEHFR7U5XVJ3MDR
3467,SWUA8GZLHPXLG1RFF
3468,J9BFA43TJXP33NTHJ
3469,GM323DEDVE6S9JMGZ
3470,CHCTW1SM980HNYU2V
3471,NKAXMXRKN38GWAFET
3472,RDCYCYEME31MUU57G
3473,E6KBBJRFTYT943DFF
3474,62Y6M8TLF5CTVL1GT
3475,HYSVJCADGUGCF5HY9
3476,CMDPMLGWEFXBC65D2
3477,S5KAPA0GNRUKMLGB2
3478,LRYDNJ4ERV4RT38SC
3479,5T01HZDA9Z55VNLC6
3480,UK57N8THV7WNPDBJG
3481,B1H1874NF6P0R3HBD
3482,DHESWKN3KE09ZAK3M
3483,HT462GVHCBF5T1711
3484,EWMNKBL8R73EY6DCX
3485,RGC27ZJ7E4FCK0FUH
3486,VBC4X4K4RGEDM89Z7
3487,3BXNWJ4C7F2D0TVZY
3488,X3JXZ3XT3KSM6760U
3489,57D29ARBESGZS24DK
3490,97R7XDGCXX5VWTJDM
3491,LL2PGK3AZA3TRZKVP
3492,3Z45MS0S94H75RPNA
3493,8V1B6W65PJYJKCGVX
3494,3HYX363UZVEXG3CXE
3495,A4TLDTJZ16HJSEKHS
3496,2EWH0XJ2L1JE27C3F
3497,T9FH92MAYB58NE22T
3498,BZDWGYAGGK6V2D916
3499,P5V7A8GXZKY839CWF
3500,FDY6Y31PJMV9X9V70
3501,YH7ZTXC7WRZNACN25
3502,2XTGAHH1FY38EWM61
3503,SY3BG0PCM5WTDM5M5
3504,NHFM21JBSX3VGXY82
3505,MDKVACBM4T3CKGN86
3506,2HGY8KNUT6LL8BJZ7
3507,9AG1EWCSKJF8J0565
3508,H4A4TM8N41NN1H2TB
3509,JLCHE96JNYD09M4H9
3510,G9T5GJS54UKVN67EP
3511,5PSR7TBWX196XZ1UJ
3512,1FY2M3ZGJ86131X7D
3513,XTTNGYTBX6G9C3L46
3514,JM2ESA6MBWY715HRD
3515,WLHF1HEW9VJF29EBL
3516,X391DY88SFRP3Y91K
3517,D25E6ALM0RVF2DU1F
3518,M5GPV6KAGY841BULG
3519,8KLWHKUU7HUZ98W3B
3520,5UE2L3MPCKK3ULE0J
3521,TEN3J8YL6DW24H7GG
3522,XU43ENKFASVUXS0P2
3523,BVCX0TVPKUT0UZ9UK
3524,5PWUPLTPSMBLJD6R3
3525,PXVTCCG655UBF0SHE
3526,UR8VJM5E4SC3YKV1C
3527,ZX8RR3RZYU9ZALKDH
3528,VMYBEU3SYDRUV30T3
3529,3YXDVDJ7JKF791U4C
3530,4YZW23PJJNAJUTHPA
3531,F83SJKKPZN1GZPV72
3532,0UW0UE4DZFGMURF47
3533,JMFTVVGC7L4LXVMPW
3534,F9C4C3V1Y9D861ELL
3535,FV7BPVF0C3H3UT6FA
3536,H902MCC8NUB1AK8ZM
3537,252WKBSH1GDUZBAWS
3538,MUERA231G8EEGPCC9
3539,HRNB6JU7NVM5BTSDP
3540,V5UCHWT8S62LND64J
3541,A14XCN69DZLMWJZZJ
3542,C7VVERP7LNGH1V3H1
3543,0SUL06725HF5D18KD
3544,0STKNLE5TC6YFHW5X
3545,SH2KFKR8557X29BP5
3546,WSF0J9WM35V4PRK5H
3547,CRL4V1YAFH9507971
3548,855K4T4L495V5GXFV
3549,1PZVZKJ1BNTCCBA6B
3550,8WVY2R0BHGV52S0R4
3551,303FA6GRA3ZFX4WW4
3552,L7TMCLF6Z60PD2754
3553,56CL7L7XPHSG2Z76E
3554,ZYNE4UR7MGBLDA0JS
3555,4HV0MKX7SA2G3TXFA
3556,83J2VS1EWR0HLZS3T
3557,BA5M2N1SNNAYYSS2U
3558,UXHE495F8A9ECL16A
3559,XU6Y9NY29MP5BTRRW
3560,9DZKZA84BNXMASGNW
3561,KE65HV46T6EFKZG71
3562,SK2K1P6XKND46R5HU
3563,8M00E7979FLMS7DNZ
3564,7HSPWGTPSTZYKPWHW
3565,VPS9TT5RVVG1WYAK4
3566,XS6L9UL79UGG2WFD5
3567,U5ETBANAD2Z66E6T0
3568,TM738YCZXK9JNM0PS
3569,EU7JG7W2NUFTMJB5K
3570,7JR9R83B862GK1PTT
3571,5X704R3SMDKUG2U5V
3572,HU54F99CTY9E0M6SJ
3573,Y1U70RVYTLG3K4FTP
3574,GB7LKTNBM7TE7AMHN
3575,82RUFT08NB0N7SRBJ
3576,L61E0BGNG6165YAPM
3577,WS66D0GBMSDCULSWV
3578,EVD5P7545WM3Z6XMK
3579,9U8GES0UJ5GDVS00S
3580,H1Z2MV44N1BAB26H6
3581,B3T23RD9CRSBPEGW3
3582,P6H1C4A2SPP2J18SJ
3583,NK7F1C41DRWNR87KX
3584,HMK2KXFZCHUA59NKF
3585,CBAKHKUPAD7K8K9KA
3586,RGT5426D2AF59A1P3
3587,AAA7Y4X46L2BBSD7E
3588,CZFDALHEZFPD6P7V0
3589,FYS8HD7K6UV8TBXSL
3590,JA2XEEJRB3EDK9BPE
3591,UXM4YABENBWA7FXPP
3592,CXFHBT2KFMR89VUYC
3593,3M45GH53FB3S2KSYF
3594,MX1ZNNADHMK14VC9Y
3595,F013B3Y8BCBBA5H74
3596,Y12PP5YVZSTJJ5EMX
3597,2GMUEZ1FGWTHLSYBH
3598,SJA8KM6D3BP5RYEYG
3599,DT0WGM1JFWE1SC8F0
3600,D8WURZ9HDF0UVDLVV
3601,8GAYYG92MYZN3FR5H
3602,WNPKHDDJ95049HYBV
3603,R9GZAFXHHEVH54FVS
3604,U421WCRUVT2UXD9LD
3605,K3SD9XG5SE9SA4UWH
3606,68Z2TXFB0NNX0ED1B
3607,6SJFLYVMPBCWEB7HV
3608,SUHX2C783TE6LV0V4
3609,RJC45BJYB6E1HZNX3
3610,N8SHN4BJ93XXPB6F8
3611,CGLDAP8A98HDYU7Y4
3612,0L7MCH9NLL6C8NJH5
3613,4L2NUJ1VAUFJCXCY1
3614,C3AKD3BDAXRY2PEBS
3615,X2E9353DMWMLM8SAL
3616,UFEEPHJ7DH96ESCKP
3617,L15NSV05AYCUKEVNN
3618,CZ4DP1FV69S2HAMKE
3619,AZNVB4VV5KEBU73U0
3620,2G7KTZ02M7V4U7DLC
3621,PM1C1E24NA78NG950
3622,N8PKD85L1UMY23YTV
3623,83ZF50WBDK3BEDRR3
3624,Z3RDALT3W3JPWL904
3625,MDFGW3BYD9UNRJ3LT
3626,5JUJ9Y452J0ZPWB4T
3627,BRY1AHHDR9SJ48GWA
3628,GHRR5ZWTNKC22HDJS
3629,0HEUA1LNJ87NDWYXK
3630,GZBSL9RBXTPE4H7WM
3631,6D9EM96NZ8Z0G8K1R
3632,3YR6A4ELLJDTKWR7C
3633,TDMEBU6P21FJLFU79
3634,CEG7UV0BL4C4NVEXG
3635,YU6U70BD1PLZ7EVRH
3636,8WU053L34NRXA8XBJ
3637,LZJ5X8CPBCK3JD5XT
3638,NHAN4UXT0VS5MV2UK
3639,Z42XRCYD4DKVFJAAZ
3640,7B1SEBNJC2FYJ5SWG
3641,C6SHK6ZPLZWH4P9NV
3642,FPHVC35M21UYUNBAJ
3643,072T4NYAP8XDLH61D
3644,5SRWZP5MUJ11BJHP4
3645,WWETNUAK24J9MAELG
3646,UPACDEVZMA78TEK1S
3647,P2BRPV0KNS169B20M
3648,RLSBT0N5U930XH23C
3649,V7R5K6M28N3ZPR4CB
3650,RFAU9ABDSZHY1M778
3651,WDTPYCHHPTJX6R94Z
3652,1S6GNYMK4CWASXUG9
3653,2GBB13XUSB0R2R51A
3654,4948V93PZ07AKC2TZ
3655,1WXPPP69CYL3SE3EE
3656,RN4NS7VU45ZZX45AB
3657,CYCGM16S0VBG3R3GW
3658,PSN04B6SL2YA86BGX
3659,7D6UKMWS4K5FR1LJE
3660,45V1HK3X7H732DBY2
3661,0BL04HPJJ4L5954XZ
3662,0TAVNZTEA1EH97J8E
3663,WJ3J7191SJALW2HKK
3664,JZKB8G0R2CJM65U13
3665,SUD2ZA9YTMJHJC4KV
3666,3D5AC1AU335BY02BW
3667,LEEZX61HR2SR1D6G5
3668,0W64E0SF05CLZVLCT
3669,NZEJ7LNCMHA1CWZ0M
3670,G6L7BD1WEAX0C582J
3671,486AUZ1W1GKG0MY39
3672,N2NH57KJGGYSKDSJ9
3673,Z8A93NDJ4MLY5920S
3674,EKL0V4KWU246L7W0A
3675,SX4868YLK2A3E5J9V
3676,P30S1JDP8XKEJ4SYW
3677,45DA91ZLC0SJWN15J
3678,H1X4PJ0RKX5U5BMH2
3679,0LD283H1EYBFH2P8N
3680,522TGKFYCSDMX9SJB
3681,VBYN9DW08ERMZDMHD
3682,NVD39SLCGCZAD8752
3683,LNPJ5X6ZVJAML5SRD
3684,YG22LLSGZAJGP97M5
3685,4F1G26CERJ9H2524B
3686,KMG0CE20H4PZZ88CB
3687,B2H522NV7M4LFPBAT
3688,8Z0E51K3UK8REN09K
3689,3S6U32932HBWFUT1V
3690,1TRSN9L89UMCT0GMD
3691,G7JJMB4DLVU1AWNP1
3692,XN9AZ6BTPB8WH2ZBS
3693,19XYXXA7X4VJR6SYP
3694,CFYSKUY4TKN9V1BST
3695,F6KKKW31UY1XUVPHS
3696,DGXL4DX6UX1BWVT9Y
3697,SHCP63HBZLYT5CT8W
3698,86ERT7LUG76DSB0R4
3699,VMMV6WRAEYA9MMA1L
3700,X3JKP650B0JGNC0B7
3701,TY0MEKVNXJJZN2F0K
3702,0VSFVRKRAH37CK4MD
3703,8RFR2PFE6CD8DA4HY
3704,G4VH3R0WF63VUUN86
3705,L2BR79PRNLYPYYNJY
3706,ASEUNHMHNL9WP46C2
3707,ULMJPUMAVT869SYWE
3708,VWLH8JHJZKPABS2JE
3709,HEJR8YNREZAJB1WCM
3710,AG8VFDPVKHNGERH0A
3711,S07G645UE2FP9U7R1
3712,HM4S4JV4BX3W97T2T
3713,1VPMT9GNF3SZ1D52A
3714,DDDKLEJFZCCFJGEWG
3715,EH1V5E4MKUZZVPJ2A
3716,YS4DN6K3G9KRD4JAA
3717,6PFLHX8XJSFNXG40G
3718,1UHEB5XKG5673BS7W
3719,EBLJBR6DYETC1MDKG
3720,B2E3X8BW6UNHGUXBZ
3721,CC87RF6W64YL9ARC6
3722,R387CMBVS03MTRWRH
3723,CX8PXV3NFCVMBYXGR
3724,JEMV8N71RVGB7YXY2
3725,RV3U0FUR8ZB51NXAX
3726,UE3TE2C6EWT9BKAWM
3727,15K1NFZFVA8GX4GU9
3728,5ZY8MW54F8Z7HTC1A
3729,8GPE65WXRF4AG9KZ5
3730,2DJ2RVK3PABRDGDM8
3731,329W5Y9HV0T3F5TM5
3732,F2BDTYJM0WG3UE2L8
3733,C4GPG3YX8CJVBCSZ4
3734,VTV64RG273TZ9EF9M
3735,7JJ8HKLT5FY3S55GG
3736,KN69AKLXTWUPCWMJ5
3737,PYTT8B295EE7SHNAC
3738,DWZ0K31Y7NLVJDYD3
3739,JF43KW1L55A0F4SU6
3740,81VX1E6TY9US7EFD0
3741,VZRCZ69WH3PHWVJ1L
3742,UCJFZ0U3XE2BP2KVB
3743,MHHC8VRZAT2WCMSHZ
3744,VL44BS1P52TC5XCD9
3745,3R8139MR8E9NMLE98
3746,5KEY9ZBP05DJLNK62
3747,J190AK8YSUZ4PBJT7
3748,HAWDULW26Z4B1MVNP
3749,U7WGA7S50BA6LVF9Y
3750,NZ4WREFHERKUHA44D
3751,GZSYBAM842G6CB1AC
3752,P435VB16G8FY9C04J
3753,HG1N55Y7VH62TPCHU
3754,222EJH8BTXSGN81ZC
3755,X8KVUEWM1MM6JKVHF
3756,D858AG64B0EEDJ7MD
3757,SCXC05CXMWR9MJ2DP
3758,EYAABG7RL4EDPTW8F
3759,U5UGPK9W91L9DZDSJ
3760,TG1C93V5R5VUZ61R1
3761,ZNNW3R5RULCB5P8KR
3762,M1C3PWGXR6TMNEHSV
3763,NFFTYMSMCFNJ2EVZG
3764,58KT2ZELGXVNMVZG3
3765,64VKJWEXLKBHB2UK6
3766,UWKKKKZL2FG1X81K5
3767,5DYW5AM79BRHUAK6F
3768,6UFCG92XFS0KNACJB
3769,25XVF36AX2R1TPKDU
3770,3K72RH1UARXTZ55VX
3771,EHDFSCZSNHYMSXURB
3772,6BR5KPZCFMEZ19NXU
3773,SD7CH9TMEYEJ6V4GT
3774,1YNB9LZ1FBRV42Z9M
3775,X77Y6HB9GDSBAKLGR
3776,M8G0TMM9NTU9NG4RB
3777,T35ME9RVJB2JMXRX5
3778,SB0VG1046MC8724W9
3779,TG8VDSUHE4VVFXLUZ
3780,GE7H02SD2DFM0M0S9
3781,T61CNJ075YXVZV7V6
3782,6RT95EJPYPT3AX5ES
3783,92S7T01SCYARURSTP
3784,PGSF6U88PSLDKEZK4
3785,8PR2VC9WWRKPXGDLT
3786,HDZ1M18U6EYGTSW01
3787,T0LCGV81HN0AC451N
3788,VEWDR123YYC9ZZZ2A
3789,2FXMDLYG1SE1YRG65
3790,WY9CAC4TJ35VXWL05
3791,W0FB4JS3SFXEVBJY1
3792,9M78AB5P2SL38G4DV
3793,GTYJ6VJ6DTAMFCF30
3794,LWHU6JTU8MVEXTGRP
3795,T5ZDJBP3F5MUAL4BH
3796,5DZ81T3KHV95D2PY8
3797,8PFPBYJ2MZY6YD2Y1
3798,435Y6XGNCLPCUS7C7
3799,MVWS0KEG92GUC8BVE
3800,FK3YVXJBJWLK6LG22
3801,NA60DD3P4JMSVJ8XP
3802,K5GS3BRVZDCMFPNFD
3803,51HYDXEXVGY0LRJY0
3804,F3HP5FFN74JK5MRXB
3805,WK9SWLPD3179UX4SD
3806,A21UVUFLVE8A0SWMX
3807,K2SBTLD14V4DLX3L5
3808,FJ8EARJ696YKUGAG7
3809,L422TZ43F50TH1Y7M
3810,SVY0PBG44XXVDN182
3811,Y0314CPT6ESDTNW86
3812,ALWP55S6DZFPNS348
3813,L71AKUD97SF4YLM63
3814,4R595VUC4M4EUMS06
3815,61157HMYEUW7PAZCU
3816,LD25P4ERX1XHTRUTG
3817,GM9G2B2VJ03MM63FM
3818,8PFJJSHJV2U4ZDE3J
3819,74FXLLH2ZG6EUB356
3820,3JJ4FF8YEMLPCYWUJ
3821,DYBSBH1YCHAYJJ831
3822,RVK73GSFFHHCND5XX
3823,T2PBJTC3J2ZK1D9YZ
3824,H3NWVG00RPXP84NKP
3825,92DH8R0MHE29M2K6D
3826,A15ZXJNUH0UVR3PK3
3827,CA5KSMG48FL8H8SZZ
3828,65TS2AUP5KYTN698K
3829,XF863GY0JPMMVWES5
3830,YT0BT6YK86T2B71G8
3831,6MCRXJ69A2NV0XM2A
3832,7SXB21HGTS6CY5G4B
3833,3BZNEBE9CDNT8281A
3834,FPZE19RY2R5P10FZJ
3835,35FZYKDHCPD6ELB6U
3836,KU7KSE0S3S9SM9S2W
3837,84KKGTAULU7K5L6VU
3838,WKLFEPKNYJRYF71SB
3839,J51BDC45N36J8CA9J
3840,J4ZFYCFYRHJ7PK02H
3841,UU5JSBGRWW0L0X60S
3842,0NKRXJ42RVA9K1MWF
3843,XYXT9ABL4GNG8EUP1
3844,FNUD63C0FTEMN6R0J
3845,KEE52SX04AHF1A5DV
3846,ZMSLZVN9JJVZV9W7Z
3847,BZFYDJ5VEC9BKEFYZ
3848,0NZL83FNPXE48CTW6
3849,NTCPKKUEGULSW51VV
3850,18WGW9VKBD8XXR98Y
3851,H6U3D888FVZ6CSMDY
3852,2HR9Z0GLG88R39103
3853,WUGMBVV4LW3DKF2DR
3854,X3PSCVU0SW2EU7E7E
3855,58T2XCCU0NBA1PNM2
3856,DPTJNXUHPV1VH5SRJ
3857,NR8EVDP44Y1UL84X8
3858,NTEEDU74EM6L6KB9F
3859,JABNR75L8X7CHYFBB
3860,B4EXLFBV5U93R7SZP
3861,XT3B4UXBFX3UL1UZ6
3862,BU979651Z7X1TKWFT
3863,WJJHS31N4PKGKADY3
3864,YMT4F6TDCMLRYZM7S
3865,WYUS4PDRCV17L0P3W
3866,UKE0523U0DL541YVW
3867,4MUME66ZFVTS60T4D
3868,MZB535CUC8UCYS8ZZ
3869,FV25BHD1JBHH6SZ82
3870,BEG03J6638S1FVVML
3871,N3E6AK29ZULVBB58H
3872,2J1JFJYRTDD2T1M3F
3873,PW6YK4AW1U2C9LM14
3874,GLVZGGVG26XNW81RE
3875,J8LR9VFLS779XMJYD
3876,W2EVBZJEKX0ZTUVMG
3877,BU9JPSJN36AET9W2W
3878,DFUR601THHR4B06R9
3879,GVN1FD9XK9FC659R6
3880,F4AY3ZVF43XYKFTD3
3881,BVYDT4BWY4WPJ86FZ
3882,E4DFRDYA8NASV0PME
3883,8EGPSMA5TC1UXBHXA
3884,HYY3YEH3EM7L5K47A
3885,VWU8MW9U5H020C1UW
3886,B0BFX0GT9VLAMNWEX
3887,TNSYLKY76UAXEG4MY
3888,MJVYMYHX2E8NZMDAA
3889,56Z1KDFR2FAERZT98
3890,VLX1C1SUSK2K2FGUB
3891,KNPJ584K04ZCXYLVJ
3892,HPCRXJMFLVGGHZFNV
3893,BJ5WW6YSBYHSSW79X
3894,4T4HYZA3R2REBHMFA
3895,02TEL6JHN0GCF9RN4
3896,D35WNX9XFEXVT9NVC
3897,HL7C9A37L6BAA028L
3898,TSVDBN6JMEZRLKJVA
3899,D5T93C1DF1AX4EFA3
3900,GPAB1RER9CLZW1P9A
3901,L77WYM6FG8YSKE6G0
3902,5B2G6AWN7ZXJGFVKN
3903,B0S5GY67SV8900PSD
3904,DVF0HJ7RXWJ66ND0C
3905,V9N0B6JW4W8DTDFMJ
3906,02WRYW5TCGC5KXPCB
3907,XSLPEY7U12PLPCDMW
3908,8W7Y7M51PLUHPZNF2
3909,TBR52S93DKHDG8LVX
3910,9CHNVJ2ZPJX13446B
3911,DXJ4TANML7ZYYTJY3
3912,HPJGWSV5SHZ9NYZC5
3913,12LE9Z9D9LHZALTAX
3914,E9CVZCMLLWK7PRZNW
3915,GEE6WADH9GEZ2UR49
3916,412HNNFAE0N4C2N4K
3917,ZWEGMC7ZHE7HPL3JE
3918,BC0SHGT62G0ABG1E3
3919,HHPB97CYSGG7P3T5X
3920,Y34VSV2T6NAWF4YJ2
3921,34D5HM3VZCWU0FMUA
3922,SFCF1G16BDRAFJVL2
3923,X1GJA887HS06VRK88
3924,YEC2PZ1EAG889FWV8
3925,Y4UUL6SSVFHF2WED0
3926,X9820R4JH8W95HRFW
3927,PTM7LAUPLGKXJNJXN
3928,GH4KESFPV357XYX77
3929,XZ7EW45GF2N05C59B
3930,07CC34J6D2S7JAX16
3931,N4E22A9FNVDHMDS93
3932,MP591LUX7XDU5F7AA
3933,X5KLH1MHNWCWKB752
3934,H29F9VDAZ8527THRY
3935,KJ4SBZPMP8SK1MZZK
3936,ZA4K576GKRJ57NNXX
3937,XB6EXB0Y3JJHTGAW0
3938,MN3LPFWCJTN6TN6LK
3939,B0HFBJ0KRL3SKJE0D
3940,VB2MV1F91F6RHPZR7
3941,1WPB67ASKWSW99R9D
3942,KRCTGYAV0539TGHYG
3943,F64VE0DWBSXCBM4PS
3944,3UM6GJEAXU0FXP1AF
3945,C93A1BLS8F3NCRCNX
3946,6ASLP4E1H3A55759C
3947,L7X4Z5FXY5KCN8982
3948,VL6GAT6CG7CX53X5T
3949,H72ESJXLGATX0N5DH
3950,FHK9Y1RKP5VDZ0CH1
3951,TUP5RLTNLP49G7YC3
3952,J8GUY0C28LPULG0BH
3953,473YR1BPADX6SES4U
3954,UY502DP8KTD0RSSMC
3955,MGLJV4MG93REF32MD
3956,DXKZF217BSB47JPYP
3957,GEFGYT8J23VZH92WM
3958,MSECYNXMWMNU7VWLE
3959,JX1ZBA0NGTXMEA9US
3960,VPJY3MVEAWP0EE6B9
3961,3V1305GGVCTZ5FZ56
3962,RE9AKMHAGD592KMA2
3963,K6ESH3SM9KAJ1HD9A
3964,LHU45GN6NHY4DCZL0
3965,FYANNRXXAVP2Y529M
3966,ART9JSSL5SFKZ34WT
3967,CSMK1YY95YZ9Z3JH2
3968,CRWSCH4NGPF4XN4C5
3969,924URRGADM4V73AZ0
3970,1YH46E8PA41P42LBK
3971,MCJGG5XCD5TKYLZKZ
3972,0F9J3GGE0TU7KJTZ6
3973,VCWCDND6NCS870K43
3974,0JYESKWF0HKU569KG
3975,1TP9FWZ26L5449LJV
3976,TTN5XTMAZSK9D7ZUU
3977,NU87BWA3LSHL7SMBG
3978,3J1U47JRW8TRLS709
3979,3V5DHSXZWUSET724S
3980,W8RU5M7WFYV64T1EW
3981,HYFRHY5V52JFUDC5J
3982,3CJ7U35BMZ8RT37TF
3983,Z5URS9XUT9L97ZKA3
3984,W1V8PUDF09TAY581Y
3985,795YBCPXVHXJC28ME
3986,B0CHP2U8WXA406GYP
3987,VRE4J0Y5FDBRME8WN
3988,8VB38BNC8GVX894BL
3989,YAH1FSG1TRJZ9M6A5
3990,4W0VSVU3F9T993KZ0
3991,SS3L4UZZABD59SUUE
3992,DXP3CCLTT4V08XUGA
3993,52YTVRLA75L7FT9ZE
3994,TYJZ15K7381CT4H95
3995,31XYM1C4CM80JEZLJ
3996,X9YTAALX1V50PWK8L
3997,U6NN2E7DXT02MEKXP
3998,EFP7V3A4858T8H9R9
3999,0UCRAR8ZLP37JWHLB
